date,project_id,commits,commit_count,forks,issue,issue_comment,req_closed,req_merged,req_opened,other,score
2013-09-15,redis,0.003986124562178674,0.007356554698128002,0.0003856644962312276,0.0032456952318887376,0.00143661903709128,0.002333005853570834,-0.0,0.0037352793307870538,-0.0,0.13855921885249828
2013-09-25,redis,0.004211653895256129,0.005854609312327867,0.00029938109683496457,0.00322491601805017,0.0014143659528661433,0.0015166845963136032,-0.0,0.0037352793307870538,-0.0,0.11876099574658786
2013-10-05,redis,0.0033269326386085804,0.0013257896056968798,0.00029938109683496457,0.0032456952318887376,0.0009277645838423171,0.0016584191643155186,-0.0,0.0037352793307870538,-0.0,0.0697652193380311
2013-10-15,redis,0.004360150409135815,0.002380765699106506,0.00011269212269913465,0.003280251616331699,0.0009034937236088087,0.0013721193946716827,-0.0,0.0037352793307870538,-0.0,0.0850860112687762
2013-10-25,redis,0.0046166544228605525,0.002380765699106506,0.0002548356819024371,0.0032318462274361667,0.0016338465844059381,0.0022020283380543163,-0.0,0.0037352793307870538,-0.0,0.09950425787741297
2013-11-04,redis,0.004023952642560021,0.003333524924594813,0.0003429435434993098,0.0032318462274361667,0.0016984540251794706,0.0019344807776855695,0.0013652891990210809,0.0034976797824150083,0.0013652891990210809,0.12296465177244179
2013-11-14,redis,0.0032071420084227235,0.002380765699106506,0.0003856644962312276,0.0032456952318887376,0.0016338465844059381,0.002069233337231289,0.0013652891990210809,0.0034976797824150083,0.0013652891990210809,0.107721880168174
2013-11-24,redis,0.0028406093309059897,0.003333524924594813,0.0004689813672015547,0.0033009404890639027,0.0011179422495337166,0.0010729722213700462,0.0013652891990210809,0.0034976797824150083,0.0013652891990210809,0.10160944563088078
2013-12-04,redis,0.0026739428072788513,0.002380765699106506,0.0003856644962312276,0.003294047922384565,0.001071020840172221,0.0012243679736422969,-0.0,0.0037352793307870538,-0.0,0.06895871077188759
2013-12-14,redis,0.0021577058684152453,0.002380765699106506,0.0003856644962312276,0.003273347857973053,0.002278784731353705,0.0009173194425971439,-0.0,0.0037352793307870538,-0.0,0.06940294235820235
2013-12-24,redis,0.0020242908206879497,0.0042199043736385064,-0.0,0.0032664403499886342,0.0022586798696773275,0.0010729722213700462,-0.0,0.0037352793307870538,-0.0,0.08193169635706606
2014-01-03,redis,0.0031266427571091365,0.0042199043736385064,0.0001618975473984781,0.00322491601805017,0.0030156379954806643,0.0013721193946716827,-0.0,0.0037352793307870538,-0.0,0.10085233690647531
2014-01-13,redis,0.0036410929611492026,0.00806904309629696,0.00020910824675694152,0.0032456952318887376,0.0026146057990598503,0.0015166845963136032,-0.0,0.0037352793307870538,-0.0,0.1425390810941452
2014-01-23,redis,0.0036798519663659196,0.005056924271847158,0.0005097249842159479,0.003204102442094574,0.0035304545083682196,0.0016584191643155186,-0.0,0.0037352793307870538,-0.0,0.12234640966729364
2014-02-02,redis,0.0030048954753464662,0.005056924271847158,0.0005097249842159479,0.0032110441353741044,0.003183414522015484,0.0017976071649145036,-0.0,0.0037352793307870538,-0.0,0.11385376941104745
2014-02-12,redis,0.003366614815970666,0.005854609312327867,0.0006289210917539724,0.0031902075012849532,0.0027882064233514395,0.0022020283380543163,-0.0,0.0037352793307870538,-0.0,0.12632024177732723
2014-02-22,redis,0.003366614815970666,0.005854609312327867,0.0005499341977459458,0.0032456952318887376,0.0016554421426145903,0.0016584191643155186,-0.0,0.0037352793307870538,-0.0,0.11398270954505929
2014-03-04,redis,0.004976155805235628,0.015882953591403393,0.0007443139936529477,0.003273347857973053,0.001279279901347709,0.0022020283380543163,-0.0,0.0037352793307870538,-0.0,0.25605037939499936
2014-03-14,redis,0.005877213139503767,0.023377021055734644,0.0008194746626110699,0.0032526140466352612,0.002278784731353705,0.0029643988868734983,0.0024502737579101806,0.0032557607215212615,0.0024502737579101806,0.4483134857395755
2014-03-24,redis,0.00644349596222588,0.023377021055734644,0.0008194746626110699,0.0032110441353741044,0.002730639853493661,0.0036802954001777786,0.0024502737579101806,0.0032557607215212615,0.0024502737579101806,0.4647960190534003
2014-04-03,redis,0.005362959823562569,0.015882953591403393,0.0008565827411964707,0.003197156900773673,0.0030156379954806643,0.0029643988868734983,0.0024502737579101806,0.0032557607215212615,0.0024502737579101806,0.32657429101569546
2014-04-13,redis,0.0037954826510369633,0.00806904309629696,0.0008194746626110699,0.00322491601805017,0.001826118036631222,0.0019344807776855695,-0.0,0.0037352793307870538,-0.0,0.1463668047532394
2014-04-23,redis,0.00288189755481728,0.009430951113281589,0.0008933971810793913,0.0032664403499886342,0.001279279901347709,0.0017976071649145036,-0.0,0.0037352793307870538,-0.0,0.1481768342715777
2014-05-03,redis,0.0020242908206879497,0.009430951113281589,0.0005896536496981566,0.003287151634629965,0.0009034937236088087,0.0015166845963136032,0.0013652891990210809,0.0034976797824150083,0.0013652891990210809,0.15705504200523623
2014-05-13,redis,0.0016582129364215413,0.0042199043736385064,0.0006289210917539724,0.003294047922384565,0.001279279901347709,0.0013721193946716827,0.0013652891990210809,0.0034976797824150083,0.0013652891990210809,0.10224970310145526
2014-05-23,redis,0.0008642406964292949,0.002380765699106506,0.0003856644962312276,0.003294047922384565,0.0021167575310333513,0.0007565475856873491,0.0013652891990210809,0.0034976797824150083,0.0013652891990210809,0.07981989800477723
2014-06-02,redis,0.000589276672572791,0.010084337550932215,0.0003429435434993098,0.0033078293440884435,0.001951855127520581,0.0005893520269486538,-0.0,0.0037352793307870538,-0.0,0.12723197376458853
2014-06-12,redis,0.0004732322443270943,0.00875978098225805,0.0003429435434993098,0.0033284737327263997,0.0016554421426145903,0.0005893520269486538,0.0013652891990210809,0.0034976797824150083,0.0013652891990210809,0.13310366811273153
2014-06-22,redis,0.000756451409720275,0.00875978098225805,0.00042764973530177503,0.0033353478343901947,0.0009277645838423171,0.0004135177370194284,0.00342945908198225,0.003009128423315354,0.00342945908198225,0.17768837537116677
2014-07-02,redis,0.00206897797580945,0.006619583476500513,0.0005499341977459458,0.0033078293440884435,0.0011179422495337166,0.0019344807776855695,0.00342945908198225,0.003009128423315354,0.00342945908198225,0.1787565299371715
2014-07-12,redis,0.00206897797580945,0.006619583476500513,0.0006289210917539724,0.0033009404890639027,0.0008299332104289013,0.002069233337231289,0.0024502737579101806,0.0032557607215212615,0.0024502737579101806,0.15509640743885567
2014-07-22,redis,0.001751261475068611,0.006619583476500513,0.0008933971810793913,0.0033078293440884435,0.0005219491189051764,0.002069233337231289,-0.0,0.0037352793307870538,-0.0,0.10525030278214181
2014-08-01,redis,0.0011237348426491878,-0.0,0.001002212403643925,0.0032664403499886342,0.0015029575139347182,0.0012243679736422969,0.0013652891990210809,0.0034976797824150083,0.0013652891990210809,0.07057292586722343
2014-08-11,redis,0.0012738384648236204,-0.0,0.0009661998457858945,0.003259529082763996,0.0017625370123650513,0.0013721193946716827,0.0013652891990210809,0.0034976797824150083,0.0013652891990210809,0.0742075122036158
2014-08-21,redis,0.0013230773625529687,-0.0,0.0008933971810793913,0.003259529082763996,0.0019101473407404368,0.0013721193946716827,0.0013652891990210809,0.0034976797824150083,0.0013652891990210809,0.0749968850598047
2014-08-31,redis,0.0006458245221478073,0.002380765699106506,0.0007443139936529477,0.0033215959566174555,0.0009277645838423171,0.0007565475856873491,-0.0,0.0037352793307870538,-0.0,0.04980515787328103
2014-09-10,redis,0.0008106722649459647,0.002380765699106506,0.0005896536496981566,0.003287151634629965,0.0015904715411597158,0.0005893520269486538,-0.0,0.0037352793307870538,-0.0,0.052701769541037204
2014-09-20,redis,0.0008642406964292949,0.002380765699106506,0.0007443139936529477,0.003273347857973053,0.0016338465844059381,0.0004135177370194284,-0.0,0.0037352793307870538,-0.0,0.05342967680061425
2014-09-30,redis,0.0014204649821368967,0.0013257896056968798,0.0011439101930186507,0.003259529082763996,0.001741232860567197,0.0013721193946716827,-0.0,0.0037352793307870538,-0.0,0.06061622154283154
2014-10-10,redis,0.001751261475068611,0.0013257896056968798,0.0010735133082276826,0.0032664403499886342,0.0010945303369409372,0.0015166845963136032,-0.0,0.0037352793307870538,-0.0,0.060098222020124235
2014-10-20,redis,0.0022456067857800823,0.0013257896056968798,0.0009299319759045931,0.0032664403499886342,0.0013471675048428741,0.0015166845963136032,-0.0,0.0037352793307870538,-0.0,0.0649818081476643
2014-10-30,redis,0.0022017572072572517,0.0042199043736385064,0.0012134677452924666,0.0032387726287605337,0.0014809135724634442,0.0012243679736422969,-0.0,0.0037352793307870538,-0.0,0.08813860952329709
2014-11-09,redis,0.001888866888547567,0.006619583476500513,0.0015832225326388014,0.003280251616331699,0.0016769776529100902,0.0010729722213700462,-0.0,0.0037352793307870538,-0.0,0.11124837886668067
2014-11-19,redis,0.00146864320147427,0.006619583476500513,0.0019040321752281078,0.0033147144968310722,0.0011179422495337166,0.0015166845963136032,-0.0,0.0037352793307870538,-0.0,0.11026559484862747
2014-11-29,redis,0.0009172033884517283,0.003333524924594813,0.00145105849028168,0.00335594818434328,0.0008791008760042649,0.0012243679736422969,-0.0,0.0037352793307870538,-0.0,0.06809624731131048
2014-12-09,redis,0.000589276672572791,-0.0,0.0012479495750772373,0.0033696635459501746,0.00023916198992135032,0.0009173194425971439,-0.0,0.0037352793307870538,-0.0,0.035886826005051525
2014-12-19,redis,0.001174186483974338,-0.0,0.0014176309656632005,0.003342218270794976,0.000805149704725182,0.0005893520269486538,0.0013652891990210809,0.0034976797824150083,0.0013652891990210809,0.06616534304922544
2014-12-29,redis,0.0025047159229448696,0.003333524924594813,0.0016158963764248409,0.003259529082763996,0.001741232860567197,0.002333005853570834,0.0013652891990210809,0.0034976797824150083,0.0013652891990210809,0.1207661511143327
2015-01-08,redis,0.0032471980678541795,0.003333524924594813,0.00187251060453718,0.0032318462274361667,0.001826118036631222,0.003086570457018054,0.0013652891990210809,0.0034976797824150083,0.0013652891990210809,0.13738724658587076
2015-01-18,redis,0.0038338152395132555,0.003333524924594813,0.0012479495750772373,0.0032387726287605337,0.001612190039959711,0.003327335435613967,-0.0,0.0037352793307870538,-0.0,0.11530544730170865
2015-01-28,redis,0.004904877656862784,0.002380765699106506,0.0010735133082276826,0.0033078293440884435,0.0009998811482932234,0.002069233337231289,0.0013652891990210809,0.0034976797824150083,0.0013652891990210809,0.12769194028978229
2015-02-07,redis,0.005775509905661812,0.002380765699106506,0.0009661998457858945,0.003287151634629965,0.0012564902559659907,0.0022020283380543163,0.0013652891990210809,0.0034976797824150083,0.0013652891990210809,0.1396726136108589
2015-02-17,redis,0.006245517540302401,0.0042199043736385064,0.0012822420066636662,0.003294047922384565,0.0011876157290001052,0.0024622872359373344,0.0013652891990210809,0.0034976797824150083,0.0013652891990210809,0.16485924534346535
2015-02-27,redis,0.00563903111872502,0.009430951113281589,0.0015504054959796635,0.003280251616331699,0.0011644827311171617,0.0025899786364803395,-0.0,0.0037352793307870538,-0.0,0.1898503883044232
2015-03-09,redis,0.0043970515314409,0.009430951113281589,0.0015832225326388014,0.003287151634629965,0.0013019882291719562,0.0025899786364803395,-0.0,0.0037352793307870538,-0.0,0.1765268204117501
2015-03-19,redis,0.0029640381918792525,0.00806904309629696,0.001517441685888613,0.003273347857973053,0.0012336175626075725,0.0019344807776855695,-0.0,0.0037352793307870538,-0.0,0.13981402904989673
2015-03-29,redis,0.0015164954506986805,0.0013257896056968798,0.0011787902017339588,0.0033009404890639027,0.001071020840172221,0.0015166845963136032,-0.0,0.0037352793307870538,-0.0,0.058803169581359845
2015-04-08,redis,0.0016582129364215413,0.002380765699106506,0.001002212403643925,0.0033009404890639027,0.0010945303369409372,0.0010729722213700462,-0.0,0.0037352793307870538,-0.0,0.06309663312030188
2015-04-18,redis,0.002289259296940432,0.003333524924594813,0.0009299319759045931,0.0033009404890639027,0.0012564902559659907,0.0016584191643155186,0.0024502737579101806,0.0032557607215212615,0.0024502737579101806,0.12842397729405342
2015-04-28,redis,0.002547273563470602,0.002380765699106506,0.0011088204852243476,0.003287151634629965,0.0012106600156001964,0.0016584191643155186,0.00342945908198225,0.003009128423315354,0.00342945908198225,0.14814144354195183
2015-05-08,redis,0.0024190782393643455,0.0042199043736385064,0.0012479495750772373,0.0033009404890639027,0.001071020840172221,0.0012243679736422969,0.00342945908198225,0.003009128423315354,0.00342945908198225,0.15914842685598873
2015-05-18,redis,0.00146864320147427,0.003333524924594813,0.0016158963764248409,0.0033353478343901947,0.0007299415991426019,0.0010729722213700462,0.0013652891990210809,0.0034976797824150083,0.0013652891990210809,0.09580949158752852
2015-05-28,redis,0.0019342414731345675,0.003333524924594813,0.0013502819988546095,0.0033009404890639027,0.0015686900886562028,0.0015166845963136032,-0.0,0.0037352793307870538,-0.0,0.08201631306132513
2015-06-07,redis,0.0021134478473061225,-0.0,0.0012822420066636662,0.003280251616331699,0.001546844650329526,0.0019344807776855695,-0.0,0.0037352793307870538,-0.0,0.063478778985344
2015-06-17,redis,0.0030861955528519495,-0.0,0.0012134677452924666,0.0032318462274361667,0.002516954898716332,0.002333005853570834,-0.0,0.0037352793307870538,-0.0,0.08188415154599786
2015-06-27,redis,0.002547273563470602,0.002380765699106506,0.0015832225326388014,0.003259529082763996,0.002177840692871469,0.002069233337231289,-0.0,0.0037352793307870538,-0.0,0.09036278294214722
2015-07-07,redis,0.0023327192203223637,0.0042199043736385064,0.0017772317203795514,0.003287151634629965,0.0020758119403459516,0.0016584191643155186,0.0013652891990210809,0.0034976797824150083,0.0013652891990210809,0.12493726979294559
2015-07-17,redis,0.0018432501815077934,0.0042199043736385064,0.0016808279667545813,0.0033215959566174555,0.0010945303369409372,0.0012243679736422969,0.00342945908198225,0.003009128423315354,0.00342945908198225,0.15764704256417023
2015-07-27,redis,0.0020242908206879497,0.0042199043736385064,0.0017452257071965199,0.0033284737327263997,0.0006274413248753106,0.0009173194425971439,0.00342945908198225,0.003009128423315354,0.00342945908198225,0.15516553679087577
2015-08-06,redis,0.0025047159229448696,0.003333524924594813,0.0013840403554671338,0.0033009404890639027,0.001392040587465353,0.0010729722213700462,0.0024502737579101806,0.0032557607215212615,0.0024502737579101806,0.13070360655512514
2015-08-16,redis,0.0017973842287414684,0.003333524924594813,0.0011088204852243476,0.0033147144968310722,0.0013471675048428741,0.0009173194425971439,0.0024502737579101806,0.0032557607215212615,0.0024502737579101806,0.12051361113089704
2015-08-26,redis,0.0015164954506986805,0.002380765699106506,0.0009299319759045931,0.003342218270794976,0.001071020840172221,0.0009173194425971439,0.00342945908198225,0.003009128423315354,0.00342945908198225,0.13115170225704487
2015-09-05,redis,0.0017048738928866006,0.0013257896056968798,0.0011088204852243476,0.0033765157922601868,-0.0,0.0007565475856873491,0.00342945908198225,0.003009128423315354,0.00342945908198225,0.12037595993716739
2015-09-15,redis,0.002289259296940432,0.0013257896056968798,0.0015832225326388014,0.0033765157922601868,-0.0,0.0013721193946716827,0.0013652891990210809,0.0034976797824150083,0.0013652891990210809,0.08665853737849527
2015-09-25,redis,0.0023327192203223637,0.0013257896056968798,0.0019040321752281078,0.003342218270794976,0.0005219491189051764,0.0012243679736422969,-0.0,0.0037352793307870538,-0.0,0.06741817562420073
2015-10-05,redis,0.0020242908206879497,0.003333524924594813,0.0021215784231686657,0.003342218270794976,0.0005486364418123966,0.0010729722213700462,0.0013652891990210809,0.0034976797824150083,0.0013652891990210809,0.10436596219579705
2015-10-15,redis,0.0037954826510369633,0.0042199043736385064,0.002152236717971322,0.003294047922384565,0.001071020840172221,0.0005893520269486538,0.0024502737579101806,0.0032557607215212615,0.0024502737579101806,0.1531545039710407
2015-10-25,redis,0.0045072343253348204,0.003333524924594813,0.002059956405058712,0.0033078293440884435,0.0008791008760042649,0.0007565475856873491,0.0024502737579101806,0.0032557607215212615,0.0024502737579101806,0.15258895326698246
2015-11-04,redis,0.004543791310778562,0.002380765699106506,0.0020908189108400344,0.0032456952318887376,0.0018682367799680187,0.0015166845963136032,0.0024502737579101806,0.0032557607215212615,0.0024502737579101806,0.156939660913197
2015-11-14,redis,0.0036410929611492026,0.002380765699106506,0.0019979149887907706,0.0032318462274361667,0.0018682367799680187,0.0025899786364803395,0.0024502737579101806,0.0032557607215212615,0.0024502737579101806,0.15474434610290444
2015-11-24,redis,0.003366614815970666,0.002380765699106506,0.00187251060453718,0.0032387726287605337,0.0018049788259233079,0.002840955629962912,0.0024502737579101806,0.0032557607215212615,0.0024502737579101806,0.15246952522402946
2015-12-04,redis,0.0028406093309059897,0.0013257896056968798,0.001713092068185341,0.0033147144968310722,0.0007045677742282343,0.002333005853570834,0.0024502737579101806,0.0032557607215212615,0.0024502737579101806,0.12747469411666557
2015-12-14,redis,0.0022456067857800823,0.003333524924594813,0.0015504054959796635,0.003349085051081057,0.00026915864660512196,0.0009173194425971439,0.0013652891990210809,0.0034976797824150083,0.0013652891990210809,0.09890157896665036
2015-12-24,redis,0.00279917244791803,0.003333524924594813,0.001713092068185341,0.0033215959566174555,0.0007299415991426019,0.0004135177370194284,0.0013652891990210809,0.0034976797824150083,0.0013652891990210809,0.10472393974660055
2016-01-03,redis,0.0035632433713559883,0.0042199043736385064,0.001517441685888613,0.0033009404890639027,0.0010236989515411093,0.0005893520269486538,-0.0,0.0037352793307870538,-0.0,0.09740074038520391
2016-01-13,redis,0.004689188460566119,0.0013257896056968798,0.0015504054959796635,0.0033078293440884435,0.0012564902559659907,0.0007565475856873491,-0.0,0.0037352793307870538,-0.0,0.08981532810579065
2016-01-23,redis,0.0043970515314409,0.0013257896056968798,0.0012134677452924666,0.0033284737327263997,0.001719872142145887,0.0009173194425971439,-0.0,0.0037352793307870538,-0.0,0.08761319906967184
2016-02-02,redis,0.005741484825868628,0.002380765699106506,0.0016158963764248409,0.0033284737327263997,0.0016554421426145903,0.0013721193946716827,0.0013652891990210809,0.0034976797824150083,0.0013652891990210809,0.14072016414547941
2016-02-12,redis,0.005741484825868628,0.002380765699106506,0.0018408716195052724,0.003287151634629965,0.0019933652749386773,0.0024622872359373344,0.0024502737579101806,0.0032557607215212615,0.0024502737579101806,0.17704986807880502
2016-02-22,redis,0.00644349596222588,0.006619583476500513,0.002059956405058712,0.003280251616331699,0.0018049788259233079,0.0040244354178424774,0.0024502737579101806,0.0032557607215212615,0.0024502737579101806,0.2381750270211242
2016-03-03,redis,0.006410637417900853,0.005854609312327867,0.0020908189108400344,0.0032664403499886342,0.0016984540251794706,0.0040244354178424774,0.0013652891990210809,0.0034976797824150083,0.0013652891990210809,0.20612708614211708
2016-03-13,redis,0.006112406964815197,0.007356554698128002,0.0019040321752281078,0.0033078293440884435,0.001369641576932768,0.003086570457018054,-0.0,0.0037352793307870538,-0.0,0.1816182378135805
2016-03-23,redis,0.006011965993857777,0.005056924271847158,0.0021827955109650177,0.003280251616331699,0.001826118036631222,0.002840955629962912,0.0013652891990210809,0.0034976797824150083,0.0013652891990210809,0.18459446808717989
2016-04-02,redis,0.005011682067980702,0.005056924271847158,0.0021827955109650177,0.003280251616331699,0.0019101473407404368,0.0024622872359373344,0.0013652891990210809,0.0034976797824150083,0.0013652891990210809,0.1699666133945482
2016-04-12,redis,0.005082512259771155,0.003333524924594813,0.0022436211712138945,0.0032664403499886342,0.0019726345953672755,0.0027161736950454215,0.0024502737579101806,0.0032557607215212615,0.0024502737579101806,0.18244476097309392
2016-04-22,redis,0.004689188460566119,0.003333524924594813,0.0023040680350660883,0.003294047922384565,0.0010474112565274868,0.0016584191643155186,0.0024502737579101806,0.0032557607215212615,0.0024502737579101806,0.16427586168315328
2016-05-02,redis,0.003718502338700667,0.002380765699106506,0.0022436211712138945,0.002908944539968794,0.005423762693945214,0.005118423578720315,0.00342945908198225,0.003009128423315354,0.00342945908198225,0.23136747746749897
2016-05-12,redis,0.003718502338700667,0.002380765699106506,0.0023940537923436847,0.002707984572766411,0.007451620139724573,0.005639695115924844,0.00342945908198225,0.003009128423315354,0.00342945908198225,0.2559667938652993
2016-05-22,redis,0.0035632433713559883,-0.0,0.0022132564606681146,0.0011429227274782586,0.012454330852746671,0.005639695115924844,0.0024502737579101806,0.0032557607215212615,0.0024502737579101806,0.26401692193841675
2016-06-01,redis,0.005293269332733145,0.009430951113281589,0.002659410702073825,0.0011429227274782586,0.011481612979323324,0.0029643988868734983,0.0013652891990210809,0.0034976797824150083,0.0013652891990210809,0.310449681075823
2016-06-11,redis,0.004869124420127545,0.009430951113281589,0.0028040752936301094,-0.0,0.012736184468358272,0.0022020283380543163,0.0013652891990210809,0.0034976797824150083,0.0013652891990210809,0.313582175740956
2016-06-21,redis,0.004323161023435913,0.009430951113281589,0.002659410702073825,0.0017517453319813106,0.008423975335182677,0.0022020283380543163,0.0013652891990210809,0.0034976797824150083,0.0013652891990210809,0.26173438378879693
2016-07-01,redis,0.003484941827580259,-0.0,0.0022738911949825593,0.001072584974412998,0.010775755021098675,0.006444248251785956,0.0013652891990210809,0.0034976797824150083,0.0013652891990210809,0.22994665431181383
2016-07-11,redis,0.0029230396829956788,-0.0,0.0019040321752281078,0.0021274506314112925,0.0077378466610323856,0.006345497497090988,0.0013652891990210809,0.0034976797824150083,0.0013652891990210809,0.19016458715540355
2016-07-21,redis,0.00263188374611322,-0.0,0.0022436211712138945,0.002104428431842899,0.007723623626874863,0.006834452478375049,0.0013652891990210809,0.0034976797824150083,0.0013652891990210809,0.19559575568669688
2016-07-31,redis,0.001751261475068611,-0.0,0.0019979149887907706,0.002736911995440773,0.00392139550336673,0.007217386763738106,0.00342945908198225,0.003009128423315354,0.00342945908198225,0.20471575809884474
2016-08-10,redis,0.0018432501815077934,-0.0,0.002423872020806647,0.002700740969344443,0.0049217239591962175,0.007871453875451745,0.0024502737579101806,0.0032557607215212615,0.0024502737579101806,0.20126568348944196
2016-08-20,redis,0.0025047159229448696,-0.0,0.0022436211712138945,0.0027513477213554605,0.004987334608501808,0.007406281883433256,0.005199327947481058,0.002499727118681421,0.005199327947481058,0.2720044857469728
2016-08-30,redis,0.0021577058684152453,-0.0,0.0025422939557825015,0.0030925050001475436,0.00406092619459844,0.002333005853570834,0.00342945908198225,0.003009128423315354,0.00342945908198225,0.1669031117080117
2016-09-09,redis,0.0022456067857800823,-0.0,0.002152236717971322,0.003015187852073379,0.0030904895877642636,0.0046897465454758015,0.0043399382355564,0.0027573100554470396,0.0043399382355564,0.20172805943182365
2016-09-19,redis,0.0022017572072572517,-0.0,0.0025128136869350254,0.003022237160984093,0.0023985658018334925,0.0046897465454758015,0.0024502737579101806,0.0032557607215212615,0.0024502737579101806,0.15253458975221773
2016-09-29,redis,0.0031669575632808588,0.003333524924594813,0.003059974166940808,0.00295864329146685,0.002418391759579634,0.005118423578720315,0.0024502737579101806,0.0032557607215212615,0.0024502737579101806,0.194412880835449
2016-10-09,redis,0.0026739428072788513,0.003333524924594813,0.003691004329512459,0.0031065100100641303,0.00215752365945789,0.0019344807776855695,0.0024502737579101806,0.0032557607215212615,0.0024502737579101806,0.16552679286478628
2016-10-19,redis,0.002589661730043749,0.003333524924594813,0.0035021504263473796,0.003141452814213574,0.0019310262537927082,0.0019344807776855695,0.0024502737579101806,0.0032557607215212615,0.0024502737579101806,0.1612770653472329
2016-10-29,redis,0.002289259296940432,-0.0,0.0033105809062830287,0.0030363234007948913,0.0029403168033206523,0.0017976071649145036,0.00342945908198225,0.003009128423315354,0.00342945908198225,0.1630742107260827
2016-11-08,redis,0.0033269326386085804,-0.0,0.0031998204732612222,0.002944465020326355,0.0046566566502228976,0.003086570457018054,0.0024502737579101806,0.0032557607215212615,0.0024502737579101806,0.17225893214843652
2016-11-18,redis,0.0046529621785558,0.002380765699106506,0.003227601679791968,0.0026426205863532494,0.007580885790634401,0.006046213790306091,0.00342945908198225,0.003009128423315354,0.00342945908198225,0.2799232132524054
2016-11-28,redis,0.00428608244521869,0.002380765699106506,0.0028040752936301094,0.002808906779358595,0.006554066899167925,0.006046213790306091,0.006802823254122208,0.001964162151434921,0.006802823254122208,0.3569878385952798
2016-12-08,redis,0.0038338152395132555,0.0042199043736385064,0.0025128136869350254,0.0029302697013912265,0.004905281142164768,0.005433018086345278,0.008289151700703773,0.0013934117328256548,0.008289151700703773,0.3912092276785596
2016-12-18,redis,0.0024619853493389712,0.003333524924594813,0.0025422939557825015,0.0030995095079800203,0.003183414522015484,0.0027161736950454215,0.01100663183437047,-0.0,0.01100663183437047,0.42575424372230836
2016-12-28,redis,0.0030861955528519495,0.0042199043736385064,0.002688494170241799,0.0030363234007948913,0.004164712768334709,0.003086570457018054,0.010354180646345228,0.000420127019948886,0.010354180646345228,0.4277979652452583
2017-01-07,redis,0.003986124562178674,0.002380765699106506,0.00291849637476473,0.0029515562806851996,0.004839347247388819,0.003327335435613967,0.01100663183437047,-0.0,0.01100663183437047,0.4555363133556978
2017-01-17,redis,0.004470592607152198,0.002380765699106506,0.0025128136869350254,0.0029373694980368605,0.005343761374670069,0.0041373525445053605,0.007558657910584875,0.0016839994285138577,0.007558657910584875,0.35023746209290263
2017-01-27,redis,0.0046166544228605525,0.003333524924594813,0.0020908189108400344,0.0028590338589490486,0.005677396308263995,0.004905459955429106,0.0043399382355564,0.0027573100554470396,0.0043399382355564,0.27101530403530805
2017-02-06,redis,0.003045613848777243,0.003333524924594813,0.0016808279667545813,0.002944465020326355,0.005085275865196872,0.004249422076440813,0.0024502737579101806,0.0032557607215212615,0.0024502737579101806,0.19177592848777764
2017-02-16,redis,0.0022456067857800823,0.0042199043736385064,0.0017772317203795514,0.003050393213605713,0.004370166981092865,0.003086570457018054,0.00342945908198225,0.003009128423315354,0.00342945908198225,0.19964834432321432
2017-02-26,redis,0.001888866888547567,0.002380765699106506,0.0020908189108400344,0.0031762970870306525,0.003183414522015484,0.0012243679736422969,0.0043399382355564,0.0027573100554470396,0.0043399382355564,0.18387953553552386
2017-03-08,redis,0.0022017572072572517,0.005056924271847158,0.0030035839633999516,0.0031484295089603625,0.003330674662721164,0.0017976071649145036,0.005199327947481058,0.002499727118681421,0.005199327947481058,0.24723469846758298
2017-03-18,redis,0.0015164954506986805,0.003333524924594813,0.0033656028755645645,0.0032318462274361667,0.001546844650329526,0.0013721193946716827,0.00342945908198225,0.003009128423315354,0.00342945908198225,0.16704378776462636
2017-03-28,redis,0.001174186483974338,0.003333524924594813,0.0033656028755645645,0.003287151634629965,0.0009759549155326627,0.0013721193946716827,0.0024502737579101806,0.0032557607215212615,0.0024502737579101806,0.13719102559939644
2017-04-07,redis,0.0017048738928866006,-0.0,0.002659410702073825,0.0032387726287605337,0.0013246168992135793,0.0019344807776855695,0.0013652891990210809,0.0034976797824150083,0.0013652891990210809,0.09452874350652676
2017-04-17,redis,0.002589661730043749,-0.0,0.0025716926897080598,0.003169336051743285,0.002318871629029557,0.0024622872359373344,0.0024502737579101806,0.0032557607215212615,0.0024502737579101806,0.1361244785342446
2017-04-27,redis,0.0024619853493389712,-0.0,0.002717501398271335,0.0031623711172436638,0.002298848508477899,0.0027161736950454215,0.0043399382355564,0.0027573100554470396,0.0043399382355564,0.18564425883381644
2017-05-07,redis,0.001979380662647914,0.006619583476500513,0.002364147943826946,0.0032664403499886342,0.0019726345953672755,0.0015166845963136032,0.0043399382355564,0.0027573100554470396,0.0043399382355564,0.21893652920692827
2017-05-17,redis,0.0012242142919659665,0.007356554698128002,0.0025716926897080598,0.003273347857973053,0.0014588011544901444,0.0012243679736422969,0.0043399382355564,0.0027573100554470396,0.0043399382355564,0.21651167493815485
2017-05-27,redis,0.001979380662647914,0.011343472366990254,0.002659410702073825,0.0032456952318887376,0.0019933652749386773,0.0012243679736422969,0.0024502737579101806,0.0032557607215212615,0.0024502737579101806,0.22529328336248028
2017-06-06,redis,0.0023327192203223637,0.006619583476500513,0.003031812045221817,0.003204102442094574,0.0018892177384661043,0.0010729722213700462,0.0024502737579101806,0.0032557607215212615,0.0024502737579101806,0.17758816055168675
2017-06-16,redis,0.0028406093309059897,0.00806904309629696,0.0031161034456425015,0.003197156900773673,0.001951855127520581,0.0016584191643155186,0.0013652891990210809,0.0034976797824150083,0.0013652891990210809,0.17950982773580126
2017-06-26,redis,0.0025047159229448696,0.003333524924594813,0.0032553217359914863,0.003204102442094574,0.0027498614173766013,0.0015166845963136032,0.0024502737579101806,0.0032557607215212615,0.0024502737579101806,0.16030699685665273
2017-07-06,redis,0.003045613848777243,0.005854609312327867,0.003227601679791968,0.0032387726287605337,0.0028073304075776425,0.0016584191643155186,0.0013652891990210809,0.0034976797824150083,0.0013652891990210809,0.16590532828577845
2017-07-16,redis,0.002375990836367001,0.003333524924594813,0.003031812045221817,0.003273347857973053,0.0023985658018334925,0.0009173194425971439,0.0024502737579101806,0.0032557607215212615,0.0024502737579101806,0.15017958953182364
2017-07-26,redis,0.0016112694898744915,0.0042199043736385064,0.002889996781381799,0.0033078293440884435,0.0009034937236088087,0.0005893520269486538,0.00342945908198225,0.003009128423315354,0.00342945908198225,0.16156463026189674
2017-08-05,redis,8.409256117621328e-05,0.0013257896056968798,0.002717501398271335,0.0033078293440884435,0.0004950320775073242,0.0004135177370194284,0.00342945908198225,0.003009128423315354,0.00342945908198225,0.12241842777799573
2017-08-15,redis,0.000756451409720275,0.0013257896056968798,0.002717501398271335,0.0032456952318887376,0.0014809135724634442,0.0005893520269486538,0.0043399382355564,0.0027573100554470396,0.0043399382355564,0.15714226979239176
2017-08-25,redis,0.0012738384648236204,-0.0,0.0028040752936301094,0.00322491601805017,0.0016554421426145903,0.0007565475856873491,0.00342945908198225,0.003009128423315354,0.00342945908198225,0.13301398283512367
2017-09-04,redis,0.0020242908206879497,-0.0,0.002688494170241799,0.0032387726287605337,0.0016984540251794706,0.0009173194425971439,0.00342945908198225,0.003009128423315354,0.00342945908198225,0.1398340028713487
2017-09-14,redis,0.0022017572072572517,0.0013257896056968798,0.0026010110056987963,0.003287151634629965,0.001546844650329526,0.0007565475856873491,0.0043399382355564,0.0027573100554470396,0.0043399382355564,0.16990748409604217
2017-09-24,redis,0.0016582129364215413,0.0013257896056968798,0.0025128136869350254,0.0033147144968310722,0.0013471675048428741,0.0005893520269486538,0.00342945908198225,0.003009128423315354,0.00342945908198225,0.1381918204451224
2017-10-04,redis,0.00206897797580945,0.0013257896056968798,0.0030035839633999516,0.003280251616331699,0.00143661903709128,0.0007565475856873491,0.00342945908198225,0.003009128423315354,0.00342945908198225,0.14829385042612903
2017-10-14,redis,0.00279917244791803,-0.0,0.0033105809062830287,0.003287151634629965,0.0007551592639836287,0.0010729722213700462,-0.0,0.0037352793307870538,-0.0,0.07809898030880619
2017-10-24,redis,0.003445617729112539,0.0013257896056968798,0.003227601679791968,0.003280251616331699,0.0008545821046077376,0.0010729722213700462,0.0013652891990210809,0.0034976797824150083,0.0013652891990210809,0.11559770112555984
2017-11-03,redis,0.00279917244791803,0.002380765699106506,0.003664184848160248,0.0032387726287605337,0.0012106600156001964,0.0015166845963136032,0.00342945908198225,0.003009128423315354,0.00342945908198225,0.17362256032537293
2017-11-13,redis,0.0021134478473061225,0.003333524924594813,0.0033105809062830287,0.0031762970870306525,0.0029024755908682474,0.0017976071649145036,0.00342945908198225,0.003009128423315354,0.00342945908198225,0.18401812616851532
2017-11-23,redis,0.0022017572072572517,0.003333524924594813,0.0035292916521340607,0.0031484295089603625,0.0034943551653813113,0.002069233337231289,0.0043399382355564,0.0027573100554470396,0.0043399382355564,0.2172093167609316
2017-12-03,redis,0.0018432501815077934,0.002380765699106506,0.0026302499905501726,0.00322491601805017,0.0030531216153729737,0.0013721193946716827,0.0024502737579101806,0.0032557607215212615,0.0024502737579101806,0.14143676054725238
2017-12-13,redis,0.0020242908206879497,0.0013257896056968798,0.0028040752936301094,0.003169336051743285,0.003548467740885292,0.0005893520269486538,0.00342945908198225,0.003009128423315354,0.00342945908198225,0.15911552569503767
2017-12-23,redis,0.00206897797580945,-0.0,0.002717501398271335,0.003155402273133866,0.0035304545083682196,0.0009173194425971439,0.00342945908198225,0.003009128423315354,0.00342945908198225,0.15310749380291636
2018-01-02,redis,0.0027158419885299134,-0.0,0.0031440720206638998,0.003113506517314743,0.004043557526235237,0.0013721193946716827,0.00342945908198225,0.003009128423315354,0.00342945908198225,0.17062350986879576
2018-01-12,redis,0.0020242908206879497,-0.0,0.002688494170241799,0.003197156900773673,0.0027113852132793974,0.0016584191643155186,0.0024502737579101806,0.0032557607215212615,0.0024502737579101806,0.12821464531549231
2018-01-22,redis,0.0015164954506986805,0.0013257896056968798,0.0024536039178396293,0.0031762970870306525,0.0023587975684800327,0.0016584191643155186,0.0013652891990210809,0.0034976797824150083,0.0013652891990210809,0.10283405143539032
2018-02-01,redis,0.0012738384648236204,0.00875978098225805,0.0025128136869350254,0.003197156900773673,0.001741232860567197,0.0019344807776855695,0.0013652891990210809,0.0034976797824150083,0.0013652891990210809,0.16746412684374842
2018-02-11,redis,0.001072837040856433,0.00875978098225805,0.0031998204732612222,0.003259529082763996,0.0012564902559659907,0.0015166845963136032,0.0013652891990210809,0.0034976797824150083,0.0013652891990210809,0.16653654597525763
2018-02-21,redis,0.000589276672572791,0.00806904309629696,0.003691004329512459,0.0033215959566174555,0.0008791008760042649,0.0009173194425971439,-0.0,0.0037352793307870538,-0.0,0.1303573626205438
2018-03-03,redis,0.00015643886632029887,-0.0,0.0039037272705530423,0.0033215959566174555,0.0015249341596513472,-0.0,-0.0,0.0037352793307870538,-0.0,0.06016706228835821
2018-03-13,redis,0.0009696007857913268,-0.0,0.0043712848162259284,0.0033353478343901947,0.0011179422495337166,-0.0,0.0013652891990210809,0.0034976797824150083,0.0013652891990210809,0.09230959002754346
2018-03-23,redis,0.0022456067857800823,-0.0,0.004549311429007656,0.0033147144968310722,0.0013019882291719562,0.00022438084059759112,0.0013652891990210809,0.0034976797824150083,0.0013652891990210809,0.10755043217318253
2018-04-02,redis,0.0031266427571091365,-0.0,0.0043712848162259284,0.0033215959566174555,0.0010945303369409372,0.00022438084059759112,0.0013652891990210809,0.0034976797824150083,0.0013652891990210809,0.11301279184902471
2018-04-12,redis,0.004061683328467246,-0.0,0.003824331476023475,0.003085496475592015,0.0023587975684800327,0.003910641457648079,0.0024502737579101806,0.0032557607215212615,0.0024502737579101806,0.17716806178363925
2018-04-22,redis,0.003910171661165141,-0.0,0.00363731295248991,0.0030363234007948913,0.002497316620898862,0.0046897465454758015,0.0024502737579101806,0.0032557607215212615,0.0024502737579101806,0.1819060730206295
2018-05-02,redis,0.0036022239121550476,-0.0,0.003930094962775732,0.0029940150291240314,0.002730639853493661,0.004905459955429106,0.0024502737579101806,0.0032557607215212615,0.0024502737579101806,0.1854376675724418
2018-05-12,redis,0.0032471980678541795,-0.0,0.0035563780142656913,0.0031623711172436638,0.002477641522154287,0.0029643988868734983,-0.0,0.0037352793307870538,-0.0,0.11068014680070445
2018-05-22,redis,0.0036798519663659196,0.0013257896056968798,0.0037977672680482694,0.0030574219885247766,0.0039038593897118452,0.0037959393353437345,-0.0,0.0037352793307870538,-0.0,0.14307783123921003
2018-06-01,redis,0.0043970515314409,0.0013257896056968798,0.003664184848160248,0.0029657260649533566,0.004199148704933259,0.00522391889023192,0.0024502737579101806,0.0032557607215212615,0.0024502737579101806,0.2129226427271575
2018-06-11,redis,0.00428608244521869,0.0013257896056968798,0.0039037272705530423,0.00295864329146685,0.004130197582448326,0.004471126051458196,0.00342945908198225,0.003009128423315354,0.00342945908198225,0.2298634605096494
2018-06-21,redis,0.003718502338700667,0.002380765699106506,0.0033105809062830287,0.0031274875906788526,0.0025951465887828445,0.002840955629962912,0.00342945908198225,0.003009128423315354,0.00342945908198225,0.1988795030927834
2018-07-01,redis,0.002547273563470602,0.003333524924594813,0.003059974166940808,0.0032318462274361667,0.0019726345953672755,0.0013721193946716827,0.0013652891990210809,0.0034976797824150083,0.0013652891990210809,0.12876244673917242
2018-07-11,redis,0.001888866888547567,0.0042199043736385064,0.003583410020753663,0.003259529082763996,0.0013246168992135793,0.0016584191643155186,0.0013652891990210809,0.0034976797824150083,0.0013652891990210809,0.1336627554755965
2018-07-21,redis,0.0011237348426491878,0.002380765699106506,0.004191187932490075,0.0032318462274361667,0.0014143659528661433,0.0017976071649145036,0.0013652891990210809,0.0034976797824150083,0.0013652891990210809,0.12006186996371898
2018-07-31,redis,0.0008106722649459647,0.0013257896056968798,0.0042686326011511355,0.0032526140466352612,0.001392040587465353,0.0013721193946716827,0.0024502737579101806,0.0032557607215212615,0.0024502737579101806,0.13123474232874072
2018-08-10,redis,0.0009696007857913268,0.002380765699106506,0.003877311062690202,0.003259529082763996,0.000951917154441648,0.0015166845963136032,0.0043399382355564,0.0027573100554470396,0.0043399382355564,0.18161943048328494
2018-08-20,redis,0.0019342414731345675,0.002380765699106506,0.0034203923415060873,0.003280251616331699,0.0007802267779317488,0.0013721193946716827,0.0043399382355564,0.0027573100554470396,0.0043399382355564,0.18304710821016146
2018-08-30,redis,0.0021134478473061225,0.002380765699106506,0.00363731295248991,0.0032387726287605337,0.0013019882291719562,0.0019344807776855695,0.00342945908198225,0.003009128423315354,0.00342945908198225,0.17049679951832386
2018-09-09,redis,0.0021134478473061225,-0.0,0.003227601679791968,0.003259529082763996,0.002318871629029557,0.0010729722213700462,0.0024502737579101806,0.0032557607215212615,0.0024502737579101806,0.12753882360802546
2018-09-19,redis,0.0016112694898744915,0.002380765699106506,0.003227601679791968,0.0032456952318887376,0.0023587975684800327,0.0012243679736422969,0.0024502737579101806,0.0032557607215212615,0.0024502737579101806,0.13943788542694788
2018-09-29,redis,0.00146864320147427,0.002380765699106506,0.003059974166940808,0.003294047922384565,0.0016338465844059381,0.0007565475856873491,0.0024502737579101806,0.0032557607215212615,0.0024502737579101806,0.1286247785335499
2018-10-09,redis,0.0012738384648236204,0.002380765699106506,0.003227601679791968,0.003204102442094574,0.0009759549155326627,0.0027161736950454215,-0.0,0.0037352793307870538,-0.0,0.09229579993335461
2018-10-19,redis,0.001371947747055018,-0.0,0.003447701303561687,0.003183254233448529,0.001546844650329526,0.0025899786364803395,0.00342945908198225,0.003009128423315354,0.00342945908198225,0.15356444758028648
2018-10-29,redis,0.00146864320147427,-0.0,0.003227601679791968,0.003169336051743285,0.0018892177384661043,0.002333005853570834,0.00342945908198225,0.003009128423315354,0.00342945908198225,0.15211496551807485
2018-11-08,redis,0.0021134478473061225,-0.0,0.0036103881702876607,0.0031762970870306525,0.002055270534620585,0.0015166845963136032,0.00342945908198225,0.003009128423315354,0.00342945908198225,0.15652608200342127
2018-11-18,redis,0.002375990836367001,0.002380765699106506,0.0035021504263473796,0.0031484295089603625,0.0022586798696773275,0.0024622872359373344,-0.0,0.0037352793307870538,-0.0,0.11077712782727399
2018-11-28,redis,0.0028406093309059897,0.002380765699106506,0.0037977672680482694,0.0030574219885247766,0.00255612236172041,0.0041373525445053605,0.0013652891990210809,0.0034976797824150083,0.0013652891990210809,0.15900150593119572
2018-12-08,redis,0.0017973842287414684,0.002380765699106506,0.0035292916521340607,0.003141452814213574,0.0022586798696773275,0.003327335435613967,0.00342945908198225,0.003009128423315354,0.00342945908198225,0.18419869678491735
2018-12-18,redis,0.00146864320147427,-0.0,0.0031998204732612222,0.0031623711172436638,0.0017837854056894484,0.0027161736950454215,0.0043399382355564,0.0027573100554470396,0.0043399382355564,0.17802872845224668
2018-12-28,redis,0.001072837040856433,-0.0,0.002717501398271335,0.0031274875906788526,0.0030156379954806643,0.0016584191643155186,0.006018004243568557,0.0022356554647178606,0.006018004243568557,0.21699416898793378
2019-01-07,redis,0.0012242142919659665,0.0013257896056968798,0.0029752891718965043,0.0031274875906788526,0.0032572584799733005,0.0015166845963136032,0.005199327947481058,0.002499727118681421,0.005199327947481058,0.20535865887638002
2019-01-17,redis,0.0007015236405885123,0.0013257896056968798,0.0032553217359914863,0.003155402273133866,0.002978036988897039,0.0015166845963136032,0.0043399382355564,0.0027573100554470396,0.0043399382355564,0.17842150474409108
2019-01-27,redis,0.0014204649821368967,0.0013257896056968798,0.003877311062690202,0.00322491601805017,0.002055270534620585,0.0010729722213700462,0.0013652891990210809,0.0034976797824150083,0.0013652891990210809,0.1102558291186033
2019-02-06,redis,0.00146864320147427,-0.0,0.003956414537036395,0.0032179819906856936,0.00209630742783113,0.0010729722213700462,-0.0,0.0037352793307870538,-0.0,0.08055559537597963
2019-02-16,redis,0.00146864320147427,-0.0,0.0038508459348808874,0.0031902075012849532,0.0029403168033206523,0.0009173194425971439,-0.0,0.0037352793307870538,-0.0,0.08411596679161477
2019-02-26,redis,0.0003522779011542229,-0.0,0.003956414537036395,0.003273347857973053,0.0020758119403459516,0.0004135177370194284,0.0013652891990210809,0.0034976797824150083,0.0013652891990210809,0.0912263715164893
2019-03-08,redis,0.00015643886632029887,-0.0,0.0042170468504477724,0.003259529082763996,0.0017625370123650513,0.0007565475856873491,0.0013652891990210809,0.0034976797824150083,0.0013652891990210809,0.09292778688167183
2019-03-18,redis,0.001174186483974338,-0.0,0.0044478294221029155,0.0032456952318887376,0.0016554421426145903,0.0010729722213700462,0.0013652891990210809,0.0034976797824150083,0.0013652891990210809,0.10435220274005366
2019-03-28,redis,0.001888866888547567,-0.0,0.004524001937405074,0.0030925050001475436,0.0030718199508169555,0.0022020283380543163,-0.0,0.0037352793307870538,-0.0,0.10566177799659769
2019-04-07,redis,0.0024619853493389712,-0.0,0.003877311062690202,0.003085496475592015,0.003548467740885292,0.002333005853570834,-0.0,0.0037352793307870538,-0.0,0.10849113298187403
2019-04-17,redis,0.001888866888547567,-0.0,0.0039037272705530423,0.003113506517314743,0.003798188170536185,0.0022020283380543163,-0.0,0.0037352793307870538,-0.0,0.10427485943832063
2019-04-27,redis,0.001174186483974338,-0.0,0.0033105809062830287,0.0032387726287605337,0.002692097214023268,0.0010729722213700462,-0.0,0.0037352793307870538,-0.0,0.07534489006674933
2019-05-07,redis,0.0004732322443270943,-0.0,0.003227601679791968,0.003280251616331699,0.0020346826639836375,0.0007565475856873491,-0.0,0.0037352793307870538,-0.0,0.06259338995126514
2019-05-17,redis,0.0004732322443270943,-0.0,0.0031998204732612222,0.003280251616331699,0.0011876157290001052,0.0012243679736422969,-0.0,0.0037352793307870538,-0.0,0.060256143819814964
2019-05-27,redis,0.0011237348426491878,-0.0,0.003227601679791968,0.0031902075012849532,0.0018892177384661043,0.0029643988868734983,-0.0,0.0037352793307870538,-0.0,0.08360725658700031
2019-06-06,redis,0.001979380662647914,-0.0,0.0035292916521340607,0.002584189469885302,0.005101544837205272,0.00574216013805071,-0.0,0.0037352793307870538,-0.0,0.1440057562590596
2019-06-16,redis,0.002375990836367001,0.005854609312327867,0.003338121243041167,0.0016632253735735984,0.010788300617260618,0.009728656688116517,-0.0,0.0037352793307870538,-0.0,0.29037648633345287
2019-06-26,redis,0.0025047159229448696,0.005854609312327867,0.003717771860402228,0.0016551284881066463,0.010750645943502234,0.009471952255757898,0.0013652891990210809,0.0034976797824150083,0.0013652891990210809,0.31563098550863616
2019-07-06,redis,0.001888866888547567,0.005854609312327867,0.003691004329512459,0.002241726279144206,0.008861291166337583,0.007686564801075893,0.0024502737579101806,0.0032557607215212615,0.0024502737579101806,0.2929713497932114
2019-07-16,redis,0.001174186483974338,-0.0,0.003930094962775732,0.0030784839232784575,0.0032019162630937447,0.003086570457018054,0.0024502737579101806,0.0032557607215212615,0.0024502737579101806,0.14870719209209343
2019-07-26,redis,0.0002893852205763424,-0.0,0.0040873041136096884,0.003120499040587413,0.002864511445448406,0.0022020283380543163,0.0013652891990210809,0.0034976797824150083,0.0013652891990210809,0.11027622354582214
2019-08-05,redis,-0.0,-0.0,0.0042428616302028896,0.003113506517314743,0.0026146057990598503,0.0016584191643155186,0.0013652891990210809,0.0034976797824150083,0.0013652891990210809,0.10428161123008495
2019-08-15,redis,0.00146864320147427,-0.0,0.00429436008780815,0.003183254233448529,0.0015029575139347182,0.0010729722213700462,0.0013652891990210809,0.0034976797824150083,0.0013652891990210809,0.10408777436028172
2019-08-25,redis,0.002289259296940432,-0.0,0.0039037272705530423,0.0031274875906788526,0.0020346826639836375,0.0024622872359373344,0.0013652891990210809,0.0034976797824150083,0.0013652891990210809,0.12125666460083676
2019-09-04,redis,0.0029230396829956788,-0.0,0.0037977672680482694,0.003141452814213574,0.001951855127520581,0.0029643988868734983,0.0024502737579101806,0.0032557607215212615,0.0024502737579101806,0.15373703451077497
2019-09-14,redis,0.0018432501815077934,-0.0,0.003447701303561687,0.003120499040587413,0.00223853348636266,0.003086570457018054,0.00342945908198225,0.003009128423315354,0.00342945908198225,0.1663401667555422
2019-09-24,redis,0.001072837040856433,-0.0,0.0033105809062830287,0.0032179819906856936,0.0019726345953672755,0.0019344807776855695,0.0043399382355564,0.0027573100554470396,0.0043399382355564,0.17073354932636786
2019-10-04,redis,0.0004732322443270943,-0.0,0.003338121243041167,0.0032387726287605337,0.0018892177384661043,0.0012243679736422969,0.005199327947481058,0.002499727118681421,0.005199327947481058,0.1842854189475161
2019-10-14,redis,0.0008642406964292949,-0.0,0.0033930263851023575,0.003204102442094574,0.0020758119403459516,0.0015166845963136032,0.0043399382355564,0.0027573100554470396,0.0043399382355564,0.16737896938945698
2019-10-24,redis,0.0015164954506986805,-0.0,0.0035563780142656913,0.003141452814213574,0.002477641522154287,0.0019344807776855695,0.00342945908198225,0.003009128423315354,0.00342945908198225,0.15659985370256296
2019-11-03,redis,0.0036410929611492026,0.0013257896056968798,0.0033930263851023575,0.0029231656178913003,0.005198836816463858,0.00522391889023192,0.0024502737579101806,0.0032557607215212615,0.0024502737579101806,0.20988157168542332
2019-11-13,redis,0.004360150409135815,0.005854609312327867,0.0035563780142656913,0.0028590338589490486,0.005865341244686944,0.005844060155185595,0.00342945908198225,0.003009128423315354,0.00342945908198225,0.2928780982103355
2019-11-23,redis,0.004323161023435913,0.005854609312327867,0.0033656028755645645,0.0028661770988665488,0.005375805215759175,0.005844060155185595,0.00342945908198225,0.003009128423315354,0.00342945908198225,0.28630059067519686
2019-12-03,redis,0.00206897797580945,0.005056924271847158,0.003171977472687901,0.003120499040587413,0.00255612236172041,0.0027161736950454215,0.0013652891990210809,0.0034976797824150083,0.0013652891990210809,0.15494836127983014
2019-12-13,redis,0.0016582129364215413,-0.0,0.0029752891718965043,0.003134472178327418,0.0021371627716341517,0.0027161736950454215,-0.0,0.0037352793307870538,-0.0,0.08498488085106536
2019-12-23,redis,0.0019342414731345675,-0.0,0.003031812045221817,0.0031623711172436638,0.0021981143591662793,0.002840955629962912,0.0013652891990210809,0.0034976797824150083,0.0013652891990210809,0.11321099157574427
2020-01-02,redis,0.003045613848777243,-0.0,0.0033105809062830287,0.0031274875906788526,0.002438179452395353,0.0032075309438957147,0.0024502737579101806,0.0032557607215212615,0.0024502737579101806,0.1552241571494115
2020-01-12,redis,0.002547273563470602,-0.0,0.0032829812722980152,0.0030995095079800203,0.0032203907105203375,0.0024622872359373344,0.0043399382355564,0.0027573100554470396,0.0043399382355564,0.1964023346070546
2020-01-22,redis,0.003406175944462913,0.002380765699106506,0.003059974166940808,0.0030995095079800203,0.0038863018311118187,0.0024622872359373344,0.00342945908198225,0.003009128423315354,0.00342945908198225,0.199225499326657
2020-02-01,redis,0.0037954826510369633,0.005056924271847158,0.003059974166940808,0.0030714673321110895,0.00433611565351258,0.0025899786364803395,0.00342945908198225,0.003009128423315354,0.00342945908198225,0.23055861931996385
2020-02-11,redis,0.004023952642560021,0.005056924271847158,0.0032553217359914863,0.003204102442094574,0.0028264223999671,0.002069233337231289,0.0024502737579101806,0.0032557607215212615,0.0024502737579101806,0.1959081276105316
2020-02-21,redis,0.0040993177267036555,0.003333524924594813,0.004113342979890291,0.0030292823400243332,0.004112910017661211,0.004580810221972863,0.0043399382355564,0.0027573100554470396,0.0043399382355564,0.26988978842063294
2020-03-02,redis,0.0036410929611492026,0.0013257896056968798,0.004849964780975574,0.0030714673321110895,0.0037272987868558712,0.0040244354178424774,0.00342945908198225,0.003009128423315354,0.00342945908198225,0.22613224905645263
2020-03-12,redis,0.0040993177267036555,0.0013257896056968798,0.004624999746086696,0.003022237160984093,0.004181940592636433,0.004471126051458196,0.005199327947481058,0.002499727118681421,0.005199327947481058,0.2835882128680282
2020-03-22,redis,0.0033269326386085804,0.0013257896056968798,0.0045998100616684665,0.0032318462274361667,0.0020140477685899696,0.0010729722213700462,0.0043399382355564,0.0027573100554470396,0.0043399382355564,0.20709518583628697
2020-04-01,redis,0.0024190782393643455,-0.0,0.004191187932490075,0.0032179819906856936,0.002864511445448406,0.0012243679736422969,0.007558657910584875,0.0016839994285138577,0.007558657910584875,0.287460555116098
2020-04-11,redis,0.0018432501815077934,-0.0,0.0043712848162259284,0.0032526140466352612,0.0027113852132793974,0.0009173194425971439,0.006802823254122208,0.001964162151434921,0.006802823254122208,0.25724713349387635
2020-04-21,redis,0.0018432501815077934,0.005056924271847158,0.0042686326011511355,0.0032387726287605337,0.002978036988897039,0.0012243679736422969,0.006018004243568557,0.0022356554647178606,0.006018004243568557,0.27423441210022104
2020-05-01,redis,0.003484941827580259,0.00806904309629696,0.004165284541943103,0.003120499040587413,0.002730639853493661,0.0036802954001777786,0.00342945908198225,0.003009128423315354,0.00342945908198225,0.26682202130800203
2020-05-11,redis,0.00494055455803691,0.00875978098225805,0.0043712848162259284,0.00295864329146685,0.00340367448034027,0.005433018086345278,0.0013652891990210809,0.0034976797824150083,0.0013652891990210809,0.2671653341773118
2020-05-21,redis,0.006377724207824574,0.005056924271847158,0.004320044409917152,0.002823251151665138,0.004026168315880472,0.007217386763738106,0.0013652891990210809,0.0034976797824150083,0.0013652891990210809,0.26995417100073604
2020-05-31,redis,0.007153218666547948,0.0013257896056968798,0.004061219384943551,0.0028447341178423043,0.004623218578278823,0.007026796454588094,0.0013652891990210809,0.0034976797824150083,0.0013652891990210809,0.24939667136253088
2020-06-10,redis,0.006994050546918751,0.0013257896056968798,0.0037977672680482694,0.002901827520180799,0.00433611565351258,0.007406281883433256,0.00342945908198225,0.003009128423315354,0.00342945908198225,0.2939003030563338
2020-06-20,redis,0.007216550795506474,0.0013257896056968798,0.0035021504263473796,0.0028447341178423043,0.005375805215759175,0.007686564801075893,0.0043399382355564,0.0027573100554470396,0.0043399382355564,0.3289735424934379
2020-06-30,redis,0.006865836049815043,0.003333524924594813,0.0035563780142656913,0.0028375775898894827,0.004789724146903592,0.008054824925427154,0.005199327947481058,0.002499727118681421,0.005199327947481058,0.36320162190726163
2020-07-10,redis,0.005809472682447523,0.002380765699106506,0.0039037272705530423,0.0028518862030547532,0.0048062817653325,0.006542510069962051,0.0043399382355564,0.0027573100554470396,0.0043399382355564,0.3054937285477237
2020-07-20,redis,0.003484941827580259,0.002380765699106506,0.0039037272705530423,0.003050393213605713,0.002864511445448406,0.0041373525445053605,0.006018004243568557,0.0022356554647178606,0.006018004243568557,0.2872303022392196
2020-07-30,redis,0.0024190782393643455,-0.0,0.0042428616302028896,0.0030292823400243332,0.003798188170536185,0.0040244354178424774,0.006018004243568557,0.0022356554647178606,0.006018004243568557,0.27088086689055957
2020-08-09,redis,0.0030048954753464662,0.002380765699106506,0.004165284541943103,0.002986949083404302,0.004147465131966289,0.005639695115924844,0.009684860147153607,0.0007684799531552997,0.009684860147153607,0.427967970839768
2020-08-19,redis,0.005153050260095825,0.005056924271847158,0.0048002388495308876,0.002972804613355977,0.005927570860635384,0.006542510069962051,0.008997132694302211,0.0010897422058311688,0.008997132694302211,0.4819065806059774
2020-08-29,redis,0.005258320190625467,0.005854609312327867,0.004899542092612435,0.00300107679790911,0.005198836816463858,0.004580810221972863,0.009684860147153607,0.0007684799531552997,0.009684860147153607,0.4889783695427996
2020-09-08,redis,0.0055704084844734195,0.006619583476500513,0.004973633449373185,0.0029515562806851996,0.0060359816027569626,0.004249422076440813,0.008289151700703773,0.0013934117328256548,0.008289151700703773,0.4576335273730509
2020-09-18,redis,0.004904877656862784,0.0042199043736385064,0.004899542092612435,0.0028875804549742643,0.004888822130230509,0.003910641457648079,0.006802823254122208,0.001964162151434921,0.006802823254122208,0.3659182330898716
2020-09-28,redis,0.004689188460566119,0.0042199043736385064,0.0048002388495308876,0.002908944539968794,0.004706684423210411,0.005012276320586501,0.005199327947481058,0.002499727118681421,0.005199327947481058,0.3242261734579615
2020-10-08,redis,0.004725334044854936,0.0042199043736385064,0.0046501500320505545,0.002944465020326355,0.004454970037406112,0.004797956394927274,0.0024502737579101806,0.0032557607215212615,0.0024502737579101806,0.2478069971373692
2020-10-18,redis,0.0032071420084227235,0.0042199043736385064,0.0043456858825534515,0.003015187852073379,0.0040087584548453474,0.0041373525445053605,0.0043399382355564,0.0027573100554470396,0.0043399382355564,0.2654066669572735
2020-10-28,redis,0.0038720444945420118,0.003333524924594813,0.0042686326011511355,0.0029515562806851996,0.0048558552511722705,0.005012276320586501,0.006802823254122208,0.001964162151434921,0.006802823254122208,0.3502480569116623
2020-11-07,redis,0.0041743019638385715,-0.0,0.00429436008780815,0.0030363234007948913,0.00407827442852076,0.0040244354178424774,0.006018004243568557,0.0022356554647178606,0.006018004243568557,0.29175723559543115
2020-11-17,redis,0.005117817470343015,-0.0,0.004061219384943551,0.003022237160984093,0.003973876340178877,0.004797956394927274,0.006018004243568557,0.0022356554647178606,0.006018004243568557,0.30658690166608593
2020-11-27,redis,0.0041743019638385715,-0.0,0.0038508459348808874,0.0031762970870306525,0.002298848508477899,0.002840955629962912,0.00342945908198225,0.003009128423315354,0.00342945908198225,0.19243884609105089
2020-12-07,redis,0.0025047159229448696,-0.0,0.0036103881702876607,0.0032179819906856936,0.002218345134923356,0.0022020283380543163,0.0043399382355564,0.0027573100554470396,0.0043399382355564,0.19040032603745968
2020-12-17,redis,0.003366614815970666,-0.0,0.003956414537036395,0.0031762970870306525,0.002218345134923356,0.0016584191643155186,0.005199327947481058,0.002499727118681421,0.005199327947481058,0.2220757851843202
2020-12-27,redis,0.004904877656862784,-0.0,0.0039037272705530423,0.003120499040587413,0.00255612236172041,0.0025899786364803395,0.0043399382355564,0.0027573100554470396,0.0043399382355564,0.2244556426429464
2021-01-06,redis,0.006476300191225954,-0.0,0.003877311062690202,0.003113506517314743,0.0018892177384661043,0.0025899786364803395,0.0043399382355564,0.0027573100554470396,0.0043399382355564,0.23866737141732278
2021-01-16,redis,0.00597836771064476,-0.0,0.003338121243041167,0.0031623711172436638,0.002218345134923356,0.002840955629962912,0.0024502737579101806,0.0032557607215212615,0.0024502737579101806,0.1838355078194524
2021-01-26,redis,0.005501525128162101,-0.0,0.0037977672680482694,0.003183254233448529,0.002218345134923356,0.002333005853570834,0.0043399382355564,0.0027573100554470396,0.0043399382355564,0.22597670357584357
2021-02-05,redis,0.00494055455803691,-0.0,0.004396841516975592,0.0031623711172436638,0.0022586798696773275,0.0034460342252620926,0.00342945908198225,0.003009128423315354,0.00342945908198225,0.21212776456995902
2021-02-15,redis,0.005809472682447523,-0.0,0.005218296100912557,0.00295864329146685,0.0032756521732946868,0.006345497497090988,0.0043399382355564,0.0027573100554470396,0.0043399382355564,0.29127449940123984
2021-02-25,redis,0.0054323769756798555,0.0013257896056968798,0.005435584184774167,0.00295864329146685,0.0036202812150494816,0.0067376034602735875,0.005199327947481058,0.002499727118681421,0.005199327947481058,0.3273726682215097
2021-03-07,redis,0.004323161023435913,0.0013257896056968798,0.005411572506349664,0.002986949083404302,0.00356645688090135,0.005945407452003685,0.006018004243568557,0.0022356554647178606,0.006018004243568557,0.3290431165876754
2021-03-17,redis,0.0024190782393643455,0.0013257896056968798,0.005626531011059376,0.003204102442094574,0.004130197582448326,0.002333005853570834,0.006018004243568557,0.0022356554647178606,0.006018004243568557,0.282158557681397
2021-03-27,redis,0.0015164954506986805,-0.0,0.005932636788608143,0.003204102442094574,0.0038334992942207972,0.0019344807776855695,0.00342945908198225,0.003009128423315354,0.00342945908198225,0.19353441265273846
2021-04-06,redis,0.0020242908206879497,-0.0,0.005979288114164574,0.0031762970870306525,0.004130197582448326,0.002333005853570834,0.00342945908198225,0.003009128423315354,0.00342945908198225,0.20410739296756247
2021-04-16,redis,0.0023327192203223637,-0.0,0.005387528395021867,0.0030714673321110895,0.0031091307356967105,0.0040244354178424774,0.006018004243568557,0.0022356554647178606,0.006018004243568557,0.27805125065040914
2021-04-26,redis,0.001888866888547567,-0.0,0.004825120510684202,0.0030925050001475436,0.002921411443188518,0.003910641457648079,0.006802823254122208,0.001964162151434921,0.006802823254122208,0.28867185569081555
2021-05-06,redis,0.0016112694898744915,-0.0,0.005022847239669176,0.003134472178327418,0.0028073304075776425,0.0035636734110316604,0.008289151700703773,0.0013934117328256548,0.008289151700703773,0.33184427036619
2021-05-16,redis,0.0007015236405885123,-0.0,0.004924275598391604,0.0032456952318887376,0.0014809135724634442,0.0019344807776855695,0.0043399382355564,0.0027573100554470396,0.0043399382355564,0.18239438903057328
2021-05-26,redis,0.000589276672572791,-0.0,0.004973633449373185,0.003273347857973053,0.0021167575310333513,0.0012243679736422969,0.0043399382355564,0.0027573100554470396,0.0043399382355564,0.18087248906519376
2021-06-05,redis,0.0008106722649459647,-0.0,0.004574580712586051,0.003259529082763996,0.0026727755681402333,0.0010729722213700462,0.0024502737579101806,0.0032557607215212615,0.0024502737579101806,0.13332815256203956
2021-06-15,redis,0.0017973842287414684,-0.0,0.004524001937405074,0.003141452814213574,0.003745054844371783,0.0025899786364803395,0.0043399382355564,0.0027573100554470396,0.0043399382355564,0.2077928502540821
2021-06-25,redis,0.0036022239121550476,-0.0,0.004775319557827348,0.0031065100100641303,0.0035304545083682196,0.0032075309438957147,0.00342945908198225,0.003009128423315354,0.00342945908198225,0.20837669756938954
2021-07-05,redis,0.003910171661165141,0.0013257896056968798,0.004849964780975574,0.0030714673321110895,0.0032019162630937447,0.0040244354178424774,0.00342945908198225,0.003009128423315354,0.00342945908198225,0.225101436473775
2021-07-15,redis,0.003045613848777243,0.0013257896056968798,0.005387528395021867,0.0032179819906856936,0.002055270534620585,0.0024622872359373344,0.0013652891990210809,0.0034976797824150083,0.0013652891990210809,0.15325561641017485
2021-07-25,redis,0.0013230773625529687,0.0013257896056968798,0.0054595636084999385,0.0032456952318887376,0.002218345134923356,0.0017976071649145036,0.0024502737579101806,0.0032557607215212615,0.0024502737579101806,0.15746382519736918
2021-08-04,redis,0.0009172033884517283,-0.0,0.005909267819742077,0.0032387726287605337,0.002218345134923356,0.0012243679736422969,0.0013652891990210809,0.0034976797824150083,0.0013652891990210809,0.12404402754832078
2021-08-14,redis,0.0016112694898744915,-0.0,0.005315199651672002,0.0031623711172436638,0.0030156379954806643,0.0019344807776855695,0.00342945908198225,0.003009128423315354,0.00342945908198225,0.1808368942806846
2021-08-24,redis,0.003366614815970666,-0.0,0.005047400659423121,0.0031274875906788526,0.002575652216224986,0.0027161736950454215,0.00342945908198225,0.003009128423315354,0.00342945908198225,0.19788537384158666
2021-09-03,redis,0.00494055455803691,0.0013257896056968798,0.004113342979890291,0.0030292823400243332,0.0038687227090850895,0.0041373525445053605,0.0043399382355564,0.0027573100554470396,0.0043399382355564,0.25808361364821114
2021-09-13,redis,0.005153050260095825,0.0013257896056968798,0.003691004329512459,0.0029940150291240314,0.004130197582448326,0.004797956394927274,0.0043399382355564,0.0027573100554470396,0.0043399382355564,0.26441573015808384
2021-09-23,redis,0.005362959823562569,0.0013257896056968798,0.003717771860402228,0.0029940150291240314,0.004954561275685758,0.004797956394927274,0.007558657910584875,0.0016839994285138577,0.007558657910584875,0.368467181976141
2021-10-03,redis,0.00494055455803691,-0.0,0.0043712848162259284,0.0030363234007948913,0.004026168315880472,0.00522391889023192,0.007558657910584875,0.0016839994285138577,0.007558657910584875,0.35998277693236325
2021-10-13,redis,0.005328149022156024,-0.0,0.0048747718970592,0.0030292823400243332,0.004164712768334709,0.005328778557227349,0.006802823254122208,0.001964162151434921,0.006802823254122208,0.3486715715459483
2021-10-23,redis,0.00563903111872502,-0.0,0.0048002388495308876,0.002808906779358595,0.004839347247388819,0.007406281883433256,0.00342945908198225,0.003009128423315354,0.00342945908198225,0.28444724968819324
2021-11-02,redis,0.004904877656862784,-0.0,0.004750362392792479,0.002823251151665138,0.0050036974439261715,0.0067376034602735875,0.006018004243568557,0.0022356554647178606,0.006018004243568557,0.34010148397699247
2021-11-12,redis,0.004580264402448987,-0.0,0.004899542092612435,0.0028590338589490486,0.0046900256423205635,0.006345497497090988,0.006018004243568557,0.0022356554647178606,0.006018004243568557,0.3312940921223603
2021-11-22,redis,0.003406175944462913,-0.0,0.0048002388495308876,0.0029515562806851996,0.005068991405209818,0.005012276320586501,0.008289151700703773,0.0013934117328256548,0.008289151700703773,0.37769367287368055
2021-12-02,redis,0.0031266427571091365,0.003333524924594813,0.004396841516975592,0.00300107679790911,0.004404143609726791,0.003910641457648079,0.005199327947481058,0.002499727118681421,0.005199327947481058,0.2822078384611336
2021-12-12,redis,0.0030048954753464662,0.003333524924594813,0.0043712848162259284,0.002944465020326355,0.004438046247482552,0.004580810221972863,0.008289151700703773,0.0013934117328256548,0.008289151700703773,0.38198312972695936
2021-12-22,redis,0.0024619853493389712,0.005056924271847158,0.0045998100616684665,0.0030574219885247766,0.0023787012002839097,0.0035636734110316604,0.006802823254122208,0.001964162151434921,0.006802823254122208,0.32220939038759766
2022-01-01,redis,0.0024619853493389712,0.002380765699106506,0.0042170468504477724,0.0030925050001475436,0.0024579292517965573,0.0034460342252620926,0.006802823254122208,0.001964162151434921,0.006802823254122208,0.29479833404004074
2022-01-11,redis,0.0045072343253348204,0.002380765699106506,0.003583410020753663,0.00300107679790911,0.005214999060113467,0.005012276320586501,0.00342945908198225,0.003009128423315354,0.00342945908198225,0.2506763225932277
2022-01-21,redis,0.005153050260095825,-0.0,0.0030035839633999516,0.0029373694980368605,0.0056616475383881185,0.006542510069962051,0.006018004243568557,0.0022356554647178606,0.006018004243568557,0.3277880316603774
2022-01-31,redis,0.006278653010021158,-0.0,0.0033930263851023575,0.0027657649474366404,0.006250977491855709,0.008773973138452271,0.006802823254122208,0.001964162151434921,0.006802823254122208,0.3996443502331217
2022-02-10,redis,0.0046166544228605525,-0.0,0.004498651960477203,0.0028661770988665488,0.004112910017661211,0.006930847487850467,0.007558657910584875,0.0016839994285138577,0.007558657910584875,0.3763448025280225
2022-02-20,redis,0.0046529621785558,0.0013257896056968798,0.004825120510684202,0.002787356352698251,0.004301988905234636,0.006444248251785956,0.0043399382355564,0.0027573100554470396,0.0043399382355564,0.2893512228681842
2022-03-02,redis,0.00494055455803691,0.0013257896056968798,0.005120849581479094,0.0028447341178423043,0.005052691395538691,0.00522391889023192,0.0043399382355564,0.0027573100554470396,0.0043399382355564,0.28935861854835615
2022-03-12,redis,0.006078985212293996,0.0013257896056968798,0.004725367108492117,0.0027657649474366404,0.004888822130230509,0.007122307069748817,0.0043399382355564,0.0027573100554470396,0.0043399382355564,0.31731176981221365
2022-03-22,redis,0.006245517540302401,-0.0,0.005193985866222799,0.0028590338589490486,0.004888822130230509,0.006444248251785956,0.0043399382355564,0.0027573100554470396,0.0043399382355564,0.30984309694715273
2022-04-01,redis,0.006311732365868392,0.0013257896056968798,0.005673955424800204,0.002823251151665138,0.004606473445044815,0.006930847487850467,0.00342945908198225,0.003009128423315354,0.00342945908198225,0.30324740925799204
2022-04-11,redis,0.00597836771064476,0.002380765699106506,0.0063484654791692435,0.002808906779358595,0.005693131573059712,0.006444248251785956,0.0043399382355564,0.0027573100554470396,0.0043399382355564,0.3422612608785671
2022-04-21,redis,0.006377724207824574,0.002380765699106506,0.006620855830233732,0.002686239559085807,0.006584123241056395,0.007963326341970094,0.007558657910584875,0.0016839994285138577,0.007558657910584875,0.4700998940161972
2022-05-01,redis,0.005877213139503767,0.002380765699106506,0.006575714567121479,0.002700740969344443,0.006837816256383469,0.007593536516501092,0.008289151700703773,0.0013934117328256548,0.008289151700703773,0.4850480558049206
2022-05-11,redis,0.00494055455803691,0.0013257896056968798,0.006025824894964727,0.0028375775898894827,0.006005070261142364,0.006345497497090988,0.006802823254122208,0.001964162151434921,0.006802823254122208,0.39103794139470216
2022-05-21,redis,0.0036022239121550476,0.005056924271847158,0.005673955424800204,0.002979878948815791,0.006327187683777146,0.004797956394927274,0.005199327947481058,0.002499727118681421,0.005199327947481058,0.34178475670619024
2022-05-31,redis,0.0023327192203223637,0.0042199043736385064,0.005193985866222799,0.0030784839232784575,0.005150259435130319,0.003910641457648079,0.006018004243568557,0.0022356554647178606,0.006018004243568557,0.32087601209578354
2022-06-10,redis,0.0021134478473061225,0.005056924271847158,0.0057684386111709705,0.002944465020326355,0.005359790549804524,0.00574216013805071,0.005199327947481058,0.002499727118681421,0.005199327947481058,0.3293004369072108
2022-06-20,redis,0.002589661730043749,0.0013257896056968798,0.005507426394967205,0.0026789817215388395,0.0052311462923399984,0.007779201945116516,0.0024502737579101806,0.0032557607215212615,0.0024502737579101806,0.25053280517867005
2022-06-30,redis,0.003366614815970666,0.0013257896056968798,0.005862442554015946,0.0023096477511351933,0.0073070797985134205,0.011297370035911835,0.0024502737579101806,0.0032557607215212615,0.0024502737579101806,0.32442431694470314
2022-07-10,redis,0.0038338152395132555,-0.0,0.005578983009233396,0.0020890484725044293,0.00938367280632512,0.012009444146982464,0.0024502737579101806,0.0032557607215212615,0.0024502737579101806,0.34802080562323123
