date,project_id,commits,commit_count,forks,issue,issue_comment,req_closed,req_merged,score,req_opened,other
2013-09-15,scikit-learn,0.004877384617817786,0.00956133528969704,3.350381077005712e-05,0.0033143499783791584,0.0003854878851816461,0.0004711172009217431,0.0009107539977293338,0.19159122800397976,0.0037854656937401825,0.0009107539977293338
2013-09-25,scikit-learn,0.005189943199582507,0.010466654314560103,-0.0,0.0033127127348366843,0.0005015593241259163,0.0006707866846572423,-0.0,0.19562663858497495,0.003990734964246235,-0.0
2013-10-05,scikit-learn,0.0068664992275548125,0.014590122629901269,0.00019282071605601942,0.0032881289255305333,0.0008179535066317901,0.001760951914517496,-0.0,0.2951902841218739,0.003990734964246235,-0.0
2013-10-15,scikit-learn,0.006850741422899264,0.019292807097415238,0.00024098707101536968,0.003291409499688237,0.0009631589863674949,0.0018807296487306287,-0.0,0.40339452911360363,0.003990734964246235,-0.0
2013-10-25,scikit-learn,0.00703904850428431,0.016526532053257152,0.00019282071605601942,0.0032963287810727523,0.0009661388196356246,0.0014742065704311767,-0.0,0.33661079292392787,0.003990734964246235,-0.0
2013-11-04,scikit-learn,0.005881804499699051,0.012189016000126986,9.042022799098062e-05,0.0033192604559749597,0.0006487022897195681,0.0007190103139118047,-0.0,0.2329138582698482,0.003990734964246235,-0.0
2013-11-14,scikit-learn,0.0065169842664122325,0.01082007201845035,0.00011703700026863852,0.0033077997494240967,0.000771625175205032,0.0010426195748297388,-0.0,0.2132061770249107,0.003990734964246235,-0.0
2013-11-24,scikit-learn,0.006356081860186852,0.01028813566358304,0.00014288014198400427,0.0033045233789054853,0.0006774099821779747,0.0010426195748297388,-0.0,0.2024668965740449,0.003990734964246235,-0.0
2013-12-04,scikit-learn,0.007609325221934643,0.014281056112267775,0.0002877811972050692,0.0032979681207488316,0.0008148800316809721,0.0014742065704311767,-0.0,0.29173883349919993,0.003990734964246235,-0.0
2013-12-14,scikit-learn,0.007624530982201442,0.015349304265937471,0.0004220941678115092,0.0032897693180177242,0.0008971507218477933,0.0019202803262487259,-0.0,0.31881812242142654,0.003990734964246235,-0.0
2013-12-24,scikit-learn,0.007986368175060859,0.018622945554447216,0.0005078237179337229,0.0033028848791955456,0.0008455211818815087,0.0019202803262487259,-0.0,0.39590197756525736,0.003990734964246235,-0.0
2014-01-03,scikit-learn,0.007986368175060859,0.014125322332875159,0.00035592950719175637,0.0032946892310885996,0.0009242604212801503,0.0019988461962910835,-0.0,0.2954111859531036,0.003990734964246235,-0.0
2014-01-13,scikit-learn,0.007715545220180982,0.008621748047477737,0.0002877811972050692,0.0033143499783791584,0.0006229976613150848,0.0009976771615285195,-0.0,0.1819508031698823,0.003990734964246235,-0.0
2014-01-23,scikit-learn,0.00797140817527403,0.005977985206522842,0.0003107461835291526,0.0033159870129996515,0.0005742972039745835,0.001131415104952781,-0.0,0.14240889263300477,0.003990734964246235,-0.0
2014-02-02,scikit-learn,0.006945108459890926,0.010466654314560103,0.00037818440435605905,0.003325804840356324,0.00045775393428563473,0.0005724371626470815,-0.0,0.2071636125933779,0.003990734964246235,-0.0
2014-02-12,scikit-learn,0.008120564103175349,0.013968772316621596,0.0005078237179337229,0.0032979681207488316,0.0008302264580073409,0.0015572536022008144,-0.0,0.29056499215843423,0.003990734964246235,-0.0
2014-02-22,scikit-learn,0.007745799998052459,0.012355454475624679,0.0004220941678115092,0.0032881289255305333,0.0010194850718081802,0.0019596510805334837,-0.0,0.2587594528677816,0.003990734964246235,-0.0
2014-03-04,scikit-learn,0.008253972525199401,0.010643957624627842,0.0004220941678115092,0.003281565244861953,0.000930264532474051,0.0020378697588838285,-0.0,0.22992606761225712,0.003990734964246235,-0.0
2014-03-14,scikit-learn,0.006193852993876,0.00842930945344593,0.0003107461835291526,0.0033012461696836893,0.0006326580400958297,0.0012621261222744299,-0.0,0.17159259377789432,0.003990734964246235,-0.0
2014-03-24,scikit-learn,0.0046834621164163455,0.01252091636637493,0.0005288722266782658,0.0032963287810727523,0.0006229976613150848,0.0007666659883491929,-0.0,0.2358816166162386,0.003990734964246235,-0.0
2014-04-03,scikit-learn,0.0035615636408425854,0.01082007201845035,0.0005288722266782658,0.0032996072502436058,0.0006262206452801319,0.0010426195748297388,-0.0,0.199633316849317,0.003990734964246235,-0.0
2014-04-13,scikit-learn,0.0034269989831894145,0.014896063817145118,0.0006726205815352069,0.0033028848791955456,0.0006487022897195681,0.0015572536022008144,-0.0,0.28446290751276637,0.003990734964246235,-0.0
2014-04-23,scikit-learn,0.0036378567769136073,0.012189016000126986,0.0006117321577400019,0.0033127127348366843,0.0003574020393176719,0.0013901753260481917,-0.0,0.2281772658174933,0.003990734964246235,-0.0
2014-05-03,scikit-learn,0.0029144029095834567,0.010995022795977692,0.0006321403741733923,0.0033094376204846313,0.0004543565055470819,0.0010426195748297388,-0.0,0.20011109536408384,0.003990734964246235,-0.0
2014-05-13,scikit-learn,0.00216445228591485,0.003906453755234122,0.0005497815145795939,0.0033159870129996515,0.00024118814959112294,7.422786268488154e-05,-0.0,0.07688715578708588,0.003990734964246235,-0.0
2014-05-23,scikit-learn,0.0020338437387777742,0.0020566738833682928,0.0005497815145795939,0.0033127127348366843,0.0002561116609196236,0.0005724371626470815,-0.0,0.05637254721706679,0.003990734964246235,-0.0
2014-06-02,scikit-learn,0.002711267352439279,0.007441964124845399,0.0005705576386235353,0.0033143499783791584,0.00017611016486153002,0.0011753017878712562,-0.0,0.13753851881989584,0.003990734964246235,-0.0
2014-06-12,scikit-learn,0.0033300320406221707,0.00823526222040778,0.0005078237179337229,0.0033143499783791584,0.00037499458986463334,0.0019596510805334837,-0.0,0.15896671973128018,0.003990734964246235,-0.0
2014-06-22,scikit-learn,0.003271500203764227,0.00823526222040778,0.0005078237179337229,0.0033176238388232674,0.0004028775907582629,0.0016393780176265282,-0.0,0.15640060706094847,0.003990734964246235,-0.0
2014-07-02,scikit-learn,0.00348483635192526,0.0031484405267254616,0.0005078237179337229,0.0033307109436876764,0.00026352527340273206,0.0009523463518978046,-0.0,0.07802906985335256,0.003990734964246235,-0.0
2014-07-12,scikit-learn,0.003976087448402718,0.0020566738833682928,0.0005288722266782658,0.003322533064761637,0.0001483628031407778,0.0005221878136578933,-0.0,0.06475761387301049,0.003990734964246235,-0.0
2014-07-22,scikit-learn,0.004415213668203172,0.0011420529473293267,0.0005912061505886145,0.003333980640647108,-0.0,0.0008137943480639068,-0.0,0.05924912825135853,0.003990734964246235,-0.0
2014-08-01,scikit-learn,0.005327055871816737,0.0011420529473293267,0.0005497815145795939,0.003322533064761637,0.00021473876878855426,0.0009066055467080248,-0.0,0.06479542911502424,0.003990734964246235,-0.0
2014-08-11,scikit-learn,0.008209589534348501,0.007441964124845399,0.0006726205815352069,0.003333980640647108,0.0001074223325978357,0.0012188676687571753,-0.0,0.1685972190553444,0.003990734964246235,-0.0
2014-08-21,scikit-learn,0.011083017788609848,0.010466654314560103,0.0005497815145795939,0.0033127127348366843,0.0003253873201207274,0.0016801114727923987,-0.0,0.2423530395794628,0.003990734964246235,-0.0
2014-08-31,scikit-learn,0.01651092315396136,0.016236345598859937,0.0006117321577400019,0.0032289333046518825,0.0014045599637092917,0.004920153602858624,-0.0,0.4317139450751044,0.003990734964246235,-0.0
2014-09-10,scikit-learn,0.014353873407043001,0.015349304265937471,0.0006726205815352069,0.0032206897271471933,0.0015713789379932285,0.004606568406281642,-0.0,0.39258420314600073,0.003990734964246235,-0.0
2014-09-20,scikit-learn,0.011488934888905001,0.013653173720269892,0.0006726205815352069,0.0032338768623981252,0.001582185039199673,0.004221955760300403,-0.0,0.3318811565865221,0.003990734964246235,-0.0
2014-09-30,scikit-learn,0.004433239145470211,0.008621748047477737,0.0007126781357823986,0.003327440416017471,0.0004407250716037756,0.0008604306014719466,-0.0,0.1649436327318925,0.003990734964246235,-0.0
2014-10-10,scikit-learn,0.004824722769926068,0.004626264156949396,0.0006321403741733923,0.0033208968645795306,0.0003467817275404965,0.0012188676687571753,-0.0,0.10708414333361407,0.003990734964246235,-0.0
2014-10-20,scikit-learn,0.005648515418796713,0.007239076623834021,0.0007126781357823986,0.0033176238388232674,0.00024118814959112294,0.0013477690152146186,0.002316788075540888,0.1969714693508102,0.003365581174087262,0.002316788075540888
2014-10-30,scikit-learn,0.005189943199582507,0.007034235641734632,0.0007126781357823986,0.0033192604559749597,0.00014434345175377332,0.0012621261222744299,0.002316788075540888,0.19042276694227891,0.003365581174087262,0.002316788075540888
2014-11-09,scikit-learn,0.004288445272958975,0.006618398127640874,0.0007916311972161274,0.003327440416017471,0.0001483628031407778,0.0007666659883491929,0.002316788075540888,0.17657051128614196,0.003365581174087262,0.002316788075540888
2014-11-19,scikit-learn,0.00417894475440843,0.002885452027949762,0.0009454734950739421,0.0033290757837532844,0.0001281097568137463,0.0008137943480639068,-0.0,0.08034833939855593,0.003990734964246235,-0.0
2014-11-29,scikit-learn,0.0036947983927011476,0.002616374760195179,0.0012937748897749748,0.0033307109436876764,0.0001281097568137463,0.0006707866846572423,-0.0,0.07663836420224662,0.003990734964246235,-0.0
2014-12-09,scikit-learn,0.0042155329405726616,0.004150213004927851,0.0011860226294047654,0.003332345895944412,6.430608322228405e-05,0.0006707866846572423,0.0009107539977293338,0.11275913886849065,0.0037854656937401825,0.0009107539977293338
2014-12-19,scikit-learn,0.003251929717404536,0.0036584837441558647,0.0012580639752503868,0.0033405175463847173,3.672321588384478e-05,-0.0,0.0009107539977293338,0.09855386890186939,0.0037854656937401825,0.0009107539977293338
2014-12-29,scikit-learn,0.0036758440169905133,0.0031484405267254616,0.0010206245515189747,0.003332345895944412,0.0001281097568137463,0.00019837309630363792,0.0009107539977293338,0.09325105696378014,0.0037854656937401825,0.0009107539977293338
2015-01-08,scikit-learn,0.004160617244116747,0.0017637469394380313,0.001113105737204669,0.003322533064761637,0.0002223414204061038,0.0008137943480639068,0.0009107539977293338,0.08397743415749848,0.0037854656937401825,0.0009107539977293338
2015-01-18,scikit-learn,0.004252032803505259,0.0031484405267254616,0.0010206245515189747,0.0033110752822469764,0.00022612869550478056,0.0009066055467080248,0.0009107539977293338,0.10045094341694845,0.0037854656937401825,0.0009107539977293338
2015-01-28,scikit-learn,0.0033882988927883455,0.0023404438489693464,0.0009454734950739421,0.0033143499783791584,0.00021473876878855426,0.0008604306014719466,0.0009107539977293338,0.08554616337298472,0.0037854656937401825,0.0009107539977293338
2015-02-07,scikit-learn,0.0030942558725940584,0.007441964124845399,0.0010578032970514724,0.0033110752822469764,0.0006582957180512381,0.0007666659883491929,-0.0,0.1415411299378382,0.003990734964246235,-0.0
2015-02-17,scikit-learn,0.004142267295263989,0.007034235641734632,0.0009643641178927869,0.0033159870129996515,0.0008210248776710944,0.0014742065704311767,0.00164675142447436,0.17486101712327978,0.0035771536631585585,0.00164675142447436
2015-02-27,scikit-learn,0.004630171745639279,0.00842930945344593,0.0010392458203775307,0.0033077997494240967,0.000942251060328655,0.0018409945489723258,0.00164675142447436,0.20358739129846073,0.0035771536631585585,0.00164675142447436
2015-03-09,scikit-learn,0.0045945466170022355,0.005088608022028443,0.0010762982836047918,0.0033176238388232674,0.00046114726214354474,0.0019988461962910835,0.00164675142447436,0.15188218714808432,0.0035771536631585585,0.00164675142447436
2015-03-19,scikit-learn,0.004031689468630106,0.004859045425378987,0.001329288234327337,0.0033208968645795306,0.0003037749539401178,0.0018409945489723258,0.0009107539977293338,0.1311689507650082,0.0037854656937401825,0.0009107539977293338
2015-03-29,scikit-learn,0.0043247712593156495,0.006407239443150289,0.0013822012143578678,0.0033290757837532844,5.530204838875595e-05,0.0018409945489723258,0.0009107539977293338,0.15522885703774883,0.0037854656937401825,0.0009107539977293338
2015-04-08,scikit-learn,0.0045945466170022355,0.004859045425378987,0.0013469727629325157,0.0033110752822469764,0.0005348271482939676,0.0019596510805334837,0.0009107539977293338,0.1356413669484727,0.0037854656937401825,0.0009107539977293338
2015-04-18,scikit-learn,0.004433239145470211,0.004859045425378987,0.001329288234327337,0.0033061616689396664,0.0005644738426134354,0.001760951914517496,-0.0,0.1181251683060405,0.003990734964246235,-0.0
2015-04-28,scikit-learn,0.004361011654185356,0.004859045425378987,0.0013646101850126012,0.0032946892310885996,0.0007373310070305775,0.0017206341529596451,-0.0,0.11819209358865293,0.003990734964246235,-0.0
2015-05-08,scikit-learn,0.003407663252287124,0.007642965533382325,0.0013646101850126012,0.0033061616689396664,0.0004814230012468452,0.0013901753260481917,-0.0,0.15246918557626327,0.003990734964246235,-0.0
2015-05-18,scikit-learn,0.0037326294713848234,0.007441964124845399,0.001469484012210028,0.003291409499688237,0.000587350833261586,0.0018807296487306287,-0.0,0.1555003689905573,0.003990734964246235,-0.0
2015-05-28,scikit-learn,0.0032126976207796677,0.006193801522260303,0.0017252168193490893,0.0032963287810727523,0.0006035986588727494,0.0016393780176265282,0.0009107539977293338,0.14921799695123938,0.0037854656937401825,0.0009107539977293338
2015-06-07,scikit-learn,0.0030942558725940584,0.0031484405267254616,0.001589908239120438,0.0033045233789054853,0.00039245838334586345,0.0015158490766522359,0.00164675142447436,0.11915218402048303,0.0035771536631585585,0.00164675142447436
2015-06-17,scikit-learn,0.0022290810325407383,0.0036584837441558647,0.0016747517726915025,0.0033028848791955456,0.0005579088401159203,0.0008137943480639068,0.00164675142447436,0.11813894144459083,0.0035771536631585585,0.00164675142447436
2015-06-27,scikit-learn,0.0037891842951748435,0.0023404438489693464,0.001589908239120438,0.0032979681207488316,0.0005644738426134354,0.0012621261222744299,0.0009107539977293338,0.09633647994707603,0.0037854656937401825,0.0009107539977293338
2015-07-07,scikit-learn,0.0046479547527189325,0.0036584837441558647,0.0019240112897790332,0.003274998180895795,0.0007279288714206069,0.0018409945489723258,-0.0,0.10926948021957333,0.003990734964246235,-0.0
2015-07-17,scikit-learn,0.004947342495149976,0.0031484405267254616,0.001891203706109485,5.770131547086975e-05,0.02629116257542441,0.0018807296487306287,-0.0,0.25187812072998794,0.003990734964246235,-0.0
2015-07-27,scikit-learn,0.003751506494666018,0.0031484405267254616,0.0019240112897790332,8.662828556290461e-06,0.026546297927391972,0.0018010702971746327,-0.0,0.2476372141653644,0.003990734964246235,-0.0
2015-08-06,scikit-learn,0.0029546052602065775,0.0053151309517612145,0.0018747527270159814,-0.0,0.02669205537196864,0.0014323181479559202,0.0009107539977293338,0.28622068631655134,0.0037854656937401825,0.0009107539977293338
2015-08-16,scikit-learn,0.005581314555339363,0.009001980658653002,0.001989257754370242,0.0030930453265588065,0.004100596863506178,0.0032484319550954827,0.0029439897069801053,0.27854800269901075,0.0031504969433069274,0.0029439897069801053
2015-08-26,scikit-learn,0.006897978774950835,0.009927340549271873,0.001841754750001767,0.0030462987040012373,0.0045155597621814505,0.003926971342724256,0.0029439897069801053,0.30840495399294254,0.0031504969433069274,0.0029439897069801053
2015-09-05,scikit-learn,0.00770040227749301,0.007642965533382325,0.0019240112897790332,0.003014474671100325,0.005266850997770637,0.004254374726428792,0.003539339508810066,0.29630019894906956,0.0029316076715885145,0.003539339508810066
2015-09-15,scikit-learn,0.005275764501425543,0.0036584837441558647,0.0015557028277572989,0.0031727698028637084,0.0035804836083274763,0.00253113214131643,0.00164675142447436,0.15412186970436123,0.0035771536631585585,0.00164675142447436
2015-09-25,scikit-learn,0.0036378567769136073,0.0014598087209578296,0.0016916093373307627,0.003225636521506768,0.0033989071545964264,0.0013050894522198574,0.00164675142447436,0.11120846624830308,0.0035771536631585585,0.00164675142447436
2015-10-05,scikit-learn,0.0033882988927883455,0.004150213004927851,0.0017084308799232921,0.003225636521506768,0.0027883357061201457,0.0010426195748297388,-0.0,0.10826392738621063,0.003990734964246235,-0.0
2015-10-15,scikit-learn,0.0031930355616119955,0.004150213004927851,0.001891203706109485,0.003214090972373991,0.0028025648192891266,0.0010426195748297388,-0.0,0.10900638696363787,0.003990734964246235,-0.0
2015-10-25,scikit-learn,0.003938901053093571,0.005759682314152197,0.0019076231196609673,0.003202534797680621,0.002431403874929211,0.0014323181479559202,-0.0,0.1367828093395389,0.003990734964246235,-0.0
2015-11-04,scikit-learn,0.0035424229653129376,0.004150213004927851,0.0017920125927248965,0.0032206897271471933,0.0024117644731399125,0.0010871930282543875,0.00164675142447436,0.1389897164804162,0.0035771536631585585,0.00164675142447436
2015-11-14,scikit-learn,0.004947342495149976,0.0053151309517612145,0.0017920125927248965,0.003199231075357665,0.002298093321941483,0.0016801114727923987,0.0029439897069801053,0.19630466536189228,0.0031504969433069274,0.0029439897069801053
2015-11-24,scikit-learn,0.004451243867082848,0.0036584837441558647,0.0016747517726915025,0.0032206897271471933,0.002409306899896876,0.0013050894522198574,0.0029439897069801053,0.16776288616021567,0.0031504969433069274,0.0029439897069801053
2015-12-04,scikit-learn,0.003901618676141541,0.0020566738833682928,0.0016916093373307627,0.0032486959269144243,0.0021225481898772187,0.0010871930282543875,0.00164675142447436,0.11306472278280577,0.0035771536631585585,0.00164675142447436
2015-12-14,scikit-learn,0.0022290810325407383,-0.0,0.001775365064930245,0.003283206481892761,0.0018788436456812485,0.0005724371626470815,-0.0,0.052331346302831504,0.003990734964246235,-0.0
2015-12-24,scikit-learn,0.0027725893715600373,-0.0,0.0017252168193490893,0.0032634976531276992,0.0015794849792735472,0.0011753017878712562,0.0009107539977293338,0.0722971917314993,0.0037854656937401825,0.0009107539977293338
2016-01-03,scikit-learn,0.004233793853872167,-0.0,0.0021822125999734986,0.003190967950968571,0.0025339052785700875,0.002230544924160834,0.002316788075540888,0.12450138239648294,0.003365581174087262,0.002316788075540888
2016-01-13,scikit-learn,0.004877384617817786,-0.0,0.0022614543083269234,0.003182699357769308,0.003228500078354519,0.0023819529688809266,0.0029439897069801053,0.14735878518671303,0.0031504969433069274,0.0029439897069801053
2016-01-23,scikit-learn,0.004929880416245957,0.000805715030909035,0.002541619000294863,0.0031843535147384194,0.003182669594634686,0.0024568108368267496,0.002316788075540888,0.14208926995778065,0.003365581174087262,0.002316788075540888
2016-02-02,scikit-learn,0.003976087448402718,0.000805715030909035,0.0020701489407806395,0.003230581372696878,0.002497412792598363,0.0018807296487306287,0.0009107539977293338,0.09564297247718931,0.0037854656937401825,0.0009107539977293338
2016-02-12,scikit-learn,0.004252032803505259,0.0014598087209578296,0.0020701489407806395,0.003200883045485014,0.0024998495622383134,0.0023065382803569593,0.0009107539977293338,0.10672339895288832,0.0037854656937401825,0.0009107539977293338
2016-02-22,scikit-learn,0.004123894785900256,0.000805715030909035,0.002118341257983705,0.003157860592682307,0.00317348330583695,0.002494037350795995,0.0009107539977293338,0.10384950359070366,0.0037854656937401825,0.0009107539977293338
2016-03-03,scikit-learn,0.00417894475440843,0.0014598087209578296,0.0023869245836692344,0.003157860592682307,0.0032878317295542297,0.002568097519565009,0.00164675142447436,0.12926009691473217,0.0035771536631585585,0.00164675142447436
2016-03-13,scikit-learn,0.003580677184717728,0.000805715030909035,0.002433575908291114,0.003159518055846634,0.0030557549675773194,0.0023065382803569593,0.0029439897069801053,0.14759821911298704,0.0031504969433069274,0.0029439897069801053
2016-03-23,scikit-learn,0.003407663252287124,0.000805715030909035,0.0020540284794019,0.003222338874731056,0.00197969987993321,0.0015572536022008144,0.003539339508810066,0.1490952013938087,0.0029316076715885145,0.003539339508810066
2016-04-02,scikit-learn,0.0043066190203657,-0.0,0.0019729914641687975,0.003134632783235411,0.0032467855896835826,0.00264164888946908,0.0046581649651038694,0.1891330121463895,0.0024809569975718835,0.0046581649651038694
2016-04-12,scikit-learn,0.0047718926285234406,0.0017637469394380313,0.0017586835163984644,0.003142933438342175,0.0033355526468189264,0.00253113214131643,0.0029439897069801053,0.1598707597818903,0.0031504969433069274,0.0029439897069801053
2016-04-22,scikit-learn,0.0047718926285234406,0.0023404438489693464,0.0025262521542618924,0.0030646848979551692,0.004952482019429984,0.0032831955711333963,0.002316788075540888,0.1707608263414393,0.003365581174087262,0.002316788075540888
2016-05-02,scikit-learn,0.00417894475440843,0.002616374760195179,0.0025722862904588605,0.003146252139747083,0.003724447009595573,0.002153949268331622,0.0029439897069801053,0.1726025241367456,0.0031504969433069274,0.0029439897069801053
2016-05-12,scikit-learn,0.004087081591154272,0.0020566738833682928,0.0030957940707607894,0.003137953714836094,0.003502328470559615,0.0024568108368267496,0.003539339508810066,0.18752074656983309,0.0029316076715885145,0.003539339508810066
2016-05-22,scikit-learn,0.003656863533475157,0.0014598087209578296,0.0029189631522316692,0.003181044981359801,0.0021881268848107094,0.0021154176496743365,0.003539339508810066,0.16988017226529667,0.0029316076715885145,0.003539339508810066
2016-06-01,scikit-learn,0.003251929717404536,0.0017637469394380313,0.0030518295393974,0.003190967950968571,0.002112418340187984,0.0021923239363997316,0.0009107539977293338,0.11235229268885999,0.0037854656937401825,0.0009107539977293338
2016-06-11,scikit-learn,0.0029946715026481986,0.0017637469394380313,0.0028743402623291384,0.003197578887162281,0.0024583470530298575,0.002076725667926618,0.00164675142447436,0.12475836345835753,0.0035771536631585585,0.00164675142447436
2016-06-21,scikit-learn,0.003826761460162712,0.0020566738833682928,0.0028295451358960107,0.003214090972373991,0.0025339052785700875,0.002076725667926618,0.00164675142447436,0.1318354153621237,0.0035771536631585585,0.00164675142447436
2016-07-01,scikit-learn,0.003920271931876191,0.0023404438489693464,0.003037139229848688,0.0032124407418986493,0.0025120249440824926,0.0019202803262487259,0.00164675142447436,0.13636643197493262,0.0035771536631585585,0.00164675142447436
2016-07-11,scikit-learn,0.0038829411447504907,0.003906453755234122,0.0030957940707607894,0.003199231075357665,0.002861663058133926,0.0019202803262487259,0.00164675142447436,0.1573802647182256,0.0035771536631585585,0.00164675142447436
2016-07-21,scikit-learn,0.002525224568518708,0.0036584837441558647,0.002859427850896417,0.0032058376488209275,0.002409306899896876,0.0014323181479559202,0.00164675142447436,0.14022829028034037,0.0035771536631585585,0.00164675142447436
2016-07-31,scikit-learn,0.002055741048212568,0.0031484405267254616,0.002541619000294863,0.0032289333046518825,0.002018184424924379,0.0013901753260481917,0.00164675142447436,0.12701026350575187,0.0035771536631585585,0.00164675142447436
2016-08-10,scikit-learn,0.002335848253906666,0.0004407628506695775,0.002371326547259926,0.003242111822250621,0.0010047210327368103,0.0010871930282543875,0.002316788075540888,0.10746262755675126,0.003365581174087262,0.002316788075540888
2016-08-20,scikit-learn,0.0030744043752209023,0.0011420529473293267,0.002663768157243831,0.0032388184829723467,0.001045958146220245,0.0015158490766522359,0.002316788075540888,0.1231793412077593,0.003365581174087262,0.002316788075540888
2016-08-30,scikit-learn,0.0035997637731204238,0.0020566738833682928,0.0026181235813749117,0.003209139629865527,0.0014925568521200385,0.0018807296487306287,0.002316788075540888,0.138886666532286,0.003365581174087262,0.002316788075540888
2016-09-09,scikit-learn,0.0035424229653129376,0.0020566738833682928,0.0026485744635538753,0.0032338768623981252,0.001407326802162393,0.0015572536022008144,-0.0,0.09094826701637351,0.003990734964246235,-0.0
2016-09-19,scikit-learn,0.0035615636408425854,0.0023404438489693464,0.0023869245836692344,0.003230581372696878,0.001884044520292597,0.0013901753260481917,0.0009107539977293338,0.10716806344100706,0.0037854656937401825,0.0009107539977293338
2016-09-29,scikit-learn,0.00417894475440843,0.0023404438489693464,0.0025262521542618924,0.003187661170907335,0.003002287133436999,0.002153949268331622,0.0009107539977293338,0.1209390600322182,0.0037854656937401825,0.0009107539977293338
2016-10-09,scikit-learn,0.00427024990507125,0.002616374760195179,0.002355704401913784,0.0031196775102061533,0.004383394482223819,0.003002331318959312,0.0009107539977293338,0.1349095609752034,0.0037854656937401825,0.0009107539977293338
2016-10-19,scikit-learn,0.003976087448402718,0.0017637469394380313,0.0024800168616216037,0.0031080330467990205,0.004117757953429096,0.0031786160730481196,0.00164675142447436,0.14044775372870463,0.0035771536631585585,0.00164675142447436
2016-10-29,scikit-learn,0.0029746552560587507,0.0011420529473293267,0.0026181235813749117,0.00315620290798635,0.003271885094583794,0.0023819529688809266,0.0029439897069801053,0.15109729766643953,0.0031504969433069274,0.0029439897069801053
2016-11-08,scikit-learn,0.0027725893715600373,0.0020566738833682928,0.0026181235813749117,0.0031893146703826447,0.0021579164626015614,0.0019596510805334837,0.0029439897069801053,0.15277613898541798,0.0031504969433069274,0.0029439897069801053
2016-11-18,scikit-learn,0.0054969618905314176,0.0053151309517612145,0.0029929604463396157,0.003032909353188425,0.004611367799000386,0.0038606019624321405,0.002316788075540888,0.22168932729372612,0.003365581174087262,0.002316788075540888
2016-11-28,scikit-learn,0.006692493806241291,0.005538774349149722,0.003037139229848688,0.0029184905829426947,0.006124830998053348,0.0055004206766831685,0.004109306438128854,0.299094881535411,0.0027085665283722105,0.004109306438128854
2016-12-08,scikit-learn,0.007533137439994641,0.004626264156949396,0.0033849900080501487,0.0028727499921432304,0.0064573947503901155,0.006294284037136635,0.004109306438128854,0.30414475673742525,0.0027085665283722105,0.004109306438128854
2016-12-18,scikit-learn,0.005765527154591839,0.0011420529473293267,0.0035554474351680242,0.003004407452171107,0.004473722998378469,0.005013084025458628,0.004109306438128854,0.23264777958965233,0.0027085665283722105,0.004109306438128854
2016-12-28,scikit-learn,0.004123894785900256,-0.0,0.003399279290437981,0.0031313109575556,0.0023526181623687885,0.003073151204247362,0.0009107539977293338,0.11185299752456995,0.0037854656937401825,0.0009107539977293338
2017-01-07,scikit-learn,0.0027725893715600373,0.0004407628506695775,0.0032412199572705276,0.00315620290798635,0.0019022227017666481,0.0024194502041752913,0.002316788075540888,0.13040476005253093,0.003365581174087262,0.002316788075540888
2017-01-17,scikit-learn,0.002271927342559028,0.0004407628506695775,0.0031250161082581065,0.003167802053610475,0.0020972028072140355,0.0021923239363997316,0.00164675142447436,0.1107299696462209,0.0035771536631585585,0.00164675142447436
2017-01-27,scikit-learn,0.0020118932084800564,0.0004407628506695775,0.003212270127686108,0.003179390385371713,0.0019745559963140983,0.002076725667926618,0.0029439897069801053,0.13948107388436465,0.0031504969433069274,0.0029439897069801053
2017-02-06,scikit-learn,0.0017213514789319615,0.0004407628506695775,0.003081156857546097,0.0032058376488209275,0.00153071513138908,0.0017206341529596451,0.00164675142447436,0.10265826570966619,0.0035771536631585585,0.00164675142447436
2017-02-16,scikit-learn,0.0015138869734490626,0.0014598087209578296,0.003255670001535098,0.003210790294440864,0.001401792005120645,0.001598427586434397,0.002316788075540888,0.12716134631637685,0.003365581174087262,0.002316788075540888
2017-02-26,scikit-learn,0.0024624844294287404,0.0014598087209578296,0.003765536277945788,0.003161175297619983,0.0021503487559019294,0.0021154176496743365,0.002316788075540888,0.14267843074307446,0.003365581174087262,0.002316788075540888
2017-03-08,scikit-learn,0.002649605654636323,0.0011420529473293267,0.003876300719113786,0.0031744252785514777,0.002372371992675542,0.002153949268331622,0.0029439897069801053,0.15765318115911142,0.0031504969433069274,0.0029439897069801053
2017-03-18,scikit-learn,0.003271500203764227,-0.0,0.0034846896806207104,0.0030997088007640498,0.0030185851139301655,0.003037793207835453,0.0029439897069801053,0.1559063621912349,0.0031504969433069274,0.0029439897069801053
2017-03-28,scikit-learn,0.0029144029095834567,0.0004407628506695775,0.0028295451358960107,0.0030997088007640498,0.002882864507072079,0.0028234099912571313,0.002316788075540888,0.13337936837308653,0.003365581174087262,0.002316788075540888
2017-04-07,scikit-learn,0.0026701978731430956,0.000805715030909035,0.0030518295393974,0.0030797074649548833,0.003493367337480673,0.002568097519565009,0.002316788075540888,0.13786205194986179,0.003365581174087262,0.002316788075540888
2017-04-17,scikit-learn,0.0016528199233941032,0.000805715030909035,0.0030957940707607894,0.003177735569666683,0.0026402357400699197,0.0013477690152146186,0.003539339508810066,0.15208421316713377,0.0029316076715885145,0.003539339508810066
2017-04-27,scikit-learn,0.0012518665247486195,0.0004407628506695775,0.0034562809938396676,0.003197578887162281,0.0025339052785700875,0.0014742065704311767,0.003539339508810066,0.15153041686496269,0.0029316076715885145,0.003539339508810066
2017-05-07,scikit-learn,0.0012761201047008317,-0.0,0.003695862211110995,0.0032124407418986493,0.0020233032079009007,0.0018010702971746327,0.003539339508810066,0.15158778087958602,0.0029316076715885145,0.003539339508810066
2017-05-17,scikit-learn,0.0010793189533139973,-0.0,0.004081709803809575,0.003230581372696878,0.0019203625150933006,0.001760951914517496,0.002316788075540888,0.12416032649728563,0.003365581174087262,0.002316788075540888
2017-05-27,scikit-learn,0.0014669859519309849,-0.0,0.004391262589054944,0.0032190403632539086,0.0018762420171590337,0.002076725667926618,0.00164675142447436,0.11615843230866454,0.0035771536631585585,0.00164675142447436
2017-06-06,scikit-learn,0.0010542426759337857,-0.0,0.004377933364787418,0.0032404652599670215,0.0012590761329439532,0.001598427586434397,0.0009107539977293338,0.09388779268179416,0.0037854656937401825,0.0009107539977293338
2017-06-16,scikit-learn,0.000952750385126736,-0.0,0.004217075644861075,0.0032322292252345885,0.001162115464268097,0.0013901753260481917,-0.0,0.07483614176264863,0.003990734964246235,-0.0
2017-06-26,scikit-learn,0.0006068108332473374,0.000805715030909035,0.003958813224903338,0.0032486959269144243,0.001590279384958223,0.0009523463518978046,0.00164675142447436,0.10586464918280356,0.0035771536631585585,0.00164675142447436
2017-07-06,scikit-learn,0.0007432236118565713,0.000805715030909035,0.0036678942651196126,0.0032404652599670215,0.0017265911946018995,0.001131415104952781,0.00164675142447436,0.1047957369729004,0.0035771536631585585,0.00164675142447436
2017-07-16,scikit-learn,0.0008752804783014462,0.000805715030909035,0.003527189214334684,0.0032157409860018283,0.0020463018372927125,0.0014323181479559202,0.002316788075540888,0.12195442424402633,0.003365581174087262,0.002316788075540888
2017-07-26,scikit-learn,0.001003740854698261,0.0004407628506695775,0.0031104137878611884,0.0032041863320806077,0.0014761410833885901,0.0016393780176265282,0.00164675142447436,0.09939913957777446,0.0035771536631585585,0.00164675142447436
2017-08-05,scikit-learn,0.0007965199871955062,0.0004407628506695775,0.0033276750486787693,0.0032190403632539086,0.0014431949307384443,0.0014323181479559202,0.002316788075540888,0.11445621179478391,0.003365581174087262,0.002316788075540888
2017-08-15,scikit-learn,0.001003740854698261,0.0004407628506695775,0.003709824986830896,0.003202534797680621,0.001304186738320361,0.0017206341529596451,0.002316788075540888,0.12085166493837038,0.003365581174087262,0.002316788075540888
2017-08-25,scikit-learn,0.0012275185931823274,0.0004407628506695775,0.004149545824709891,0.0031843535147384194,0.0016118218645108514,0.0019596510805334837,0.0029439897069801053,0.1442640902672848,0.0031504969433069274,0.0029439897069801053
2017-09-04,scikit-learn,0.001766713093729299,0.0004407628506695775,0.003876300719113786,0.003126326540126056,0.0024117644731399125,0.00275105875799202,0.003539339508810066,0.16727392769830712,0.0029316076715885145,0.003539339508810066
2017-09-14,scikit-learn,0.0020338437387777742,0.0004407628506695775,0.0035554474351680242,0.003146252139747083,0.0024043899801674657,0.0028594144963361937,0.003539339508810066,0.16584852932203942,0.0029316076715885145,0.003539339508810066
2017-09-24,scikit-learn,0.0022505277739301617,-0.0,0.0034420537249110305,0.003132971982227061,0.002762202561696432,0.0028594144963361937,0.002316788075540888,0.1333276002718825,0.003365581174087262,0.002316788075540888
2017-10-04,scikit-learn,0.0029546052602065775,-0.0,0.0036258353707371003,0.00310636864985005,0.003376316029577469,0.0031786160730481196,0.0029439897069801053,0.1583916262397722,0.0031504969433069274,0.0029439897069801053
2017-10-14,scikit-learn,0.003770358050832954,0.000805715030909035,0.003807174707418919,0.002920181246670117,0.006242631452402153,0.004574874468627713,0.003539339508810066,0.2096317595382066,0.0029316076715885145,0.003539339508810066
2017-10-24,scikit-learn,0.003751506494666018,0.0014598087209578296,0.00368188532564835,0.0029421377783189276,0.006238842589240932,0.004701277250229458,0.003539339508810066,0.21585202787262783,0.0029316076715885145,0.003539339508810066
2017-11-03,scikit-learn,0.003251929717404536,0.0014598087209578296,0.004136003312961607,0.002881234028698202,0.0064067408972931185,0.004889062135605213,0.00164675142447436,0.17541240109271658,0.0035771536631585585,0.00164675142447436
2017-11-13,scikit-learn,0.0024834396005035033,0.0014598087209578296,0.0039450938998796484,0.0028998771621600626,0.0050599355385273995,0.004574874468627713,-0.0,0.1308355737862238,0.003990734964246235,-0.0
2017-11-23,scikit-learn,0.002441486899316989,0.000805715030909035,0.004284305268976715,0.0028063596733708764,0.005919812792824459,0.005560404186674728,-0.0,0.14086379010458713,0.003990734964246235,-0.0
2017-12-03,scikit-learn,0.0021428113027318696,0.0014598087209578296,0.004337876714485467,0.0028131866333072843,0.005900538437032748,0.005349577687373492,0.00164675142447436,0.17473025273009168,0.0035771536631585585,0.00164675142447436
2017-12-13,scikit-learn,0.0015604860292279298,0.000805715030909035,0.004324501360426981,0.0029792022721330065,0.004895436306121275,0.004221955760300403,0.0029439897069801053,0.18129262119188472,0.0031504969433069274,0.0029439897069801053
2017-12-23,scikit-learn,0.001178530792213924,0.000805715030909035,0.004337876714485467,0.0030496437248175054,0.0038821944345114475,0.0028594144963361937,0.004109306438128854,0.19448128350759267,0.0027085665283722105,0.004109306438128854
2018-01-02,scikit-learn,0.001029051075009535,-0.0,0.003793308920170024,0.0031479111565966248,0.0027930807216315972,0.0024568108368267496,0.0029439897069801053,0.14411715186876708,0.0031504969433069274,0.0029439897069801053
2018-01-12,scikit-learn,0.0012518665247486195,-0.0,0.003876300719113786,0.003126326540126056,0.0027930807216315972,0.002568097519565009,0.003539339508810066,0.16183273111668126,0.0029316076715885145,0.003539339508810066
2018-01-22,scikit-learn,0.0012761201047008317,-0.0,0.003583646489798904,0.003132971982227061,0.00258236761396609,0.00278729200291547,0.0029439897069801053,0.14471436251328995,0.0031504969433069274,0.0029439897069801053
2018-02-01,scikit-learn,0.001178530792213924,-0.0,0.003541325756342043,0.0031396138457146228,0.002766958535392356,0.002714708426864757,0.0029439897069801053,0.14395517579044254,0.0031504969433069274,0.0029439897069801053
2018-02-11,scikit-learn,0.0008491770983644993,-0.0,0.003413552951312434,0.003159518055846634,0.00250228576657659,0.0024568108368267496,0.0009107539977293338,0.09307405135279771,0.0037854656937401825,0.0009107539977293338
2018-02-21,scikit-learn,0.0005224125153937457,0.0004407628506695775,0.0034704929536878244,0.003192621012802436,0.002245764694696876,0.0018409945489723258,0.0009107539977293338,0.09024219788218076,0.0037854656937401825,0.0009107539977293338
2018-03-03,scikit-learn,0.00037626795007892396,0.0004407628506695775,0.003541325756342043,0.003210790294440864,0.0016198845251123206,0.0012188676687571753,0.00164675142447436,0.09922784207375157,0.0035771536631585585,0.00164675142447436
2018-03-13,scikit-learn,0.0004937803341583691,0.0004407628506695775,0.0039450938998796484,0.003202534797680621,0.0015686749638027786,0.0014323181479559202,0.0029439897069801053,0.13547450467894168,0.0031504969433069274,0.0029439897069801053
2018-03-23,scikit-learn,0.0008752804783014462,-0.0,0.004176594155262485,0.0031495699510668365,0.0021780674282442618,0.0022686153683877984,0.004109306438128854,0.17440352589386146,0.0027085665283722105,0.004109306438128854
2018-04-02,scikit-learn,0.0012518665247486195,-0.0,0.004837921091880592,0.003101374102522551,0.002683436253738614,0.003143561252316621,0.0046581649651038694,0.2071099282228167,0.0024809569975718835,0.0046581649651038694
2018-04-12,scikit-learn,0.0013960430540574129,-0.0,0.004759990562030213,0.0030830432974744662,0.0029181146917274907,0.0032831955711333963,0.0046581649651038694,0.20875830065377915,0.0024809569975718835,0.0046581649651038694
2018-04-22,scikit-learn,0.001003740854698261,-0.0,0.005107849518359041,0.003134632783235411,0.0021503487559019294,0.002604935717010873,0.004109306438128854,0.18799270816319874,0.0027085665283722105,0.004109306438128854
2018-05-02,scikit-learn,0.0007432236118565713,0.000805715030909035,0.004773004641737217,0.003166145695998047,0.0019177734458675915,0.0020378697588838285,0.003539339508810066,0.16938797010759968,0.0029316076715885145,0.003539339508810066
2018-05-12,scikit-learn,0.0002842249191120616,0.0011420529473293267,0.005107849518359041,0.003209139629865527,0.0013350180146538449,0.0014323181479559202,0.002316788075540888,0.13857803013372147,0.003365581174087262,0.002316788075540888
2018-05-22,scikit-learn,0.000220333895086926,0.0014598087209578296,0.0046686003930448035,0.0032074887480373626,0.001630621490303081,0.0012188676687571753,0.00164675142447436,0.12086076216923033,0.0035771536631585585,0.00164675142447436
2018-06-01,scikit-learn,-0.0,0.000805715030909035,0.004773004641737217,0.003210790294440864,0.001506207958796365,0.0009976771615285195,0.0009107539977293338,0.09804934508231629,0.0037854656937401825,0.0009107539977293338
2018-06-11,scikit-learn,0.00034601820661976575,0.0004407628506695775,0.004149545824709891,0.003200883045485014,0.001614510368107859,0.0013050894522198574,0.00164675142447436,0.10625228228942118,0.0035771536631585585,0.00164675142447436
2018-06-21,scikit-learn,0.0005507850828564068,-0.0,0.004523933380603135,0.0029859288601952754,0.0035938362412674518,0.0016393780176265282,0.0009107539977293338,0.10164766453062898,0.0037854656937401825,0.0009107539977293338
2018-07-01,scikit-learn,0.0007432236118565713,0.0014598087209578296,0.004284305268976715,0.002970788687813422,0.003770639566393204,0.0019596510805334837,0.0009107539977293338,0.11555962729585409,0.0037854656937401825,0.0009107539977293338
2018-07-11,scikit-learn,0.002441486899316989,0.0023404438489693464,0.004257449068319472,0.0027978202243860166,0.005960224902885323,0.004701277250229458,0.0029439897069801053,0.20914447441650846,0.0031504969433069274,0.0029439897069801053
2018-07-21,scikit-learn,0.00289424998770112,0.002885452027949762,0.0040135613323061484,0.0028947956276222583,0.005392211236747247,0.005739177004233592,0.0046581649651038694,0.2680542420650224,0.0024809569975718835,0.0046581649651038694
2018-07-31,scikit-learn,0.0034269989831894145,0.0020566738833682928,0.004149545824709891,0.0028336431088500794,0.006161007460582964,0.006494844575130298,0.00518895313002298,0.2883789046059124,0.0022482694815742893,0.00518895313002298
2018-08-10,scikit-learn,0.0020338437387777742,0.0014598087209578296,0.004537139218672109,0.002984247569148167,0.004993110710297395,0.004383367548765236,0.0046581649651038694,0.23935381949726636,0.0024809569975718835,0.0046581649651038694
2018-08-20,scikit-learn,0.0022075865761513754,0.000805715030909035,0.004523933380603135,0.003019505114907383,0.004698347758520715,0.003993036531519966,0.0046581649651038694,0.22878859546044028,0.0024809569975718835,0.0046581649651038694
2018-08-30,scikit-learn,0.001811823087367417,0.0004407628506695775,0.004720886118713935,0.0030813754953150636,0.004085564617765327,0.0032135725425844522,0.00518895313002298,0.2321035013634781,0.0022482694815742893,0.00518895313002298
2018-09-09,scikit-learn,0.001834286056588117,0.0014598087209578296,0.004759990562030213,0.00306969448219486,0.0034552149166928907,0.0033524402956035594,0.004109306438128854,0.2108679468140013,0.0027085665283722105,0.004109306438128854
2018-09-19,scikit-learn,0.001029051075009535,0.0020566738833682928,0.004837921091880592,0.0031528868734360255,0.002673850792853019,0.0024194502041752913,0.003539339508810066,0.18956076867126984,0.0029316076715885145,0.003539339508810066
2018-09-29,scikit-learn,0.0008752804783014462,0.0020566738833682928,0.004694764299366954,0.0031362933607240254,0.0028191430378222415,0.0023065382803569593,0.003539339508810066,0.18696702627030365,0.0029316076715885145,0.003539339508810066
2018-10-09,scikit-learn,0.0009783085252023033,0.0017637469394380313,0.004811985164275051,0.003137953714836094,0.002861663058133926,0.002153949268331622,0.003539339508810066,0.18442148691852714,0.0029316076715885145,0.003539339508810066
2018-10-19,scikit-learn,0.0014434186751922855,0.0011420529473293267,0.004759990562030213,0.0030930453265588065,0.00317348330583695,0.0028234099912571313,0.003539339508810066,0.18549848500536786,0.0029316076715885145,0.003539339508810066
2018-10-29,scikit-learn,0.0013002814300906685,0.0011420529473293267,0.004642394108483508,0.0031196775102061533,0.0026906198957974436,0.002604935717010873,0.003539339508810066,0.18014268541953482,0.0029316076715885145,0.003539339508810066
2018-11-08,scikit-learn,0.0012275185931823274,-0.0,0.004257449068319472,0.0031313109575556,0.0024803395209375863,0.0023819529688809266,0.004109306438128854,0.1784838969836437,0.0027085665283722105,0.004109306438128854
2018-11-18,scikit-learn,0.0012275185931823274,0.0004407628506695775,0.004642394108483508,0.0030813754953150636,0.003129755358513746,0.002714708426864757,0.0029439897069801053,0.16067046095018317,0.0031504969433069274,0.0029439897069801053
2018-11-28,scikit-learn,0.001537223566822677,0.0004407628506695775,0.004876749028084743,0.003037932100105177,0.003437222673365613,0.003489832209116385,0.002316788075540888,0.15699873728852187,0.003365581174087262,0.002316788075540888
2018-12-08,scikit-learn,0.0012761201047008317,0.0011420529473293267,0.005323286710337903,0.003031234639191667,0.003812302075376581,0.0034213161755933114,0.0009107539977293338,0.13822136859349848,0.0037854656937401825,0.0009107539977293338
2018-12-18,scikit-learn,0.0012761201047008317,0.0017637469394380313,0.005069550812194679,0.0031030391778584616,0.0028001945352838543,0.003073151204247362,0.002316788075540888,0.1653814276940062,0.003365581174087262,0.002316788075540888
2018-12-28,scikit-learn,0.0013483352552220093,0.0017637469394380313,0.00494126191316543,0.003094711535480817,0.003283277584745498,0.0028234099912571313,0.002316788075540888,0.16383431531901427,0.003365581174087262,0.002316788075540888
2019-01-07,scikit-learn,0.0016298414154056445,0.0011420529473293267,0.004811985164275051,0.0030830432974744662,0.003178077296952126,0.003073151204247362,0.0029439897069801053,0.17378458773558558,0.0031504969433069274,0.0029439897069801053
2019-01-17,scikit-learn,0.0017213514789319615,-0.0,0.004563518011316866,0.003056330994783872,0.00363603325369141,0.0032831955711333963,0.002316788075540888,0.1499315124150077,0.003365581174087262,0.002316788075540888
2019-01-27,scikit-learn,0.0013002814300906685,-0.0,0.0044842496248357795,0.003118014691046195,0.002776464481970777,0.002604935717010873,0.0029439897069801053,0.1538282105745596,0.0031504969433069274,0.0029439897069801053
2019-02-06,scikit-learn,0.0009783085252023033,0.0014598087209578296,0.00398621300834739,0.0031628323181428324,0.002215735876473447,0.0019988461962910835,0.002316788075540888,0.13833313494899793,0.003365581174087262,0.002316788075540888
2019-02-16,scikit-learn,0.0007432236118565713,0.0014598087209578296,0.004054488267851631,0.003169458190532532,0.001884044520292597,0.0017206341529596451,0.0029439897069801053,0.15022306933850652,0.0031504969433069274,0.0029439897069801053
2019-02-26,scikit-learn,0.000952750385126736,0.0017637469394380313,0.004364592673064849,0.0031445929003762986,0.002220747169060642,0.002076725667926618,0.00164675142447436,0.1311068180124925,0.0035771536631585585,0.00164675142447436
2019-03-08,scikit-learn,0.0010793189533139973,0.0004407628506695775,0.004954134731294687,0.0031296497090774716,0.0026930134073347807,0.0024568108368267496,0.0029439897069801053,0.16013038346265163,0.0031504969433069274,0.0029439897069801053
2019-03-18,scikit-learn,0.0011291378437879324,0.0004407628506695775,0.004746966138373333,0.003127988236648932,0.0028734464240706844,0.002604935717010873,0.002316788075540888,0.14461961711470914,0.003365581174087262,0.002316788075540888
2019-03-28,scikit-learn,0.0013960430540574129,-0.0,0.004391262589054944,0.003098043272435835,0.003023237618457515,0.003143561252316621,0.0029439897069801053,0.158429769101667,0.0031504969433069274,0.0029439897069801053
2019-04-07,scikit-learn,0.0016298414154056445,-0.0,0.004457738185128332,0.0030763707190342147,0.003251352835152298,0.003489832209116385,0.002316788075540888,0.14873080005598582,0.003365581174087262,0.002316788075540888
2019-04-17,scikit-learn,0.0012275185931823274,0.000805715030909035,0.00513333454335429,0.003116351646924437,0.0029859669306587875,0.0028594144963361937,0.002316788075540888,0.15514615724655628,0.003365581174087262,0.002316788075540888
2019-04-27,scikit-learn,0.0007699548439511714,0.002616374760195179,0.005585834072563206,0.003151228523299453,0.0027193080340220874,0.0018807296487306287,0.002316788075540888,0.1696723855552032,0.003365581174087262,0.002316788075540888
2019-05-07,scikit-learn,0.00037626795007892396,0.002616374760195179,0.005285461299913025,0.0031843535147384194,0.001953950405714837,0.0013477690152146186,0.00164675142447436,0.14329752255591272,0.0035771536631585585,0.00164675142447436
2019-05-17,scikit-learn,0.0005789133261510677,0.0020566738833682928,0.004979850863976608,0.0031628323181428324,0.0019203625150933006,0.0018010702971746327,0.0009107539977293338,0.1218897753295891,0.0037854656937401825,0.0009107539977293338
2019-05-27,scikit-learn,0.0008491770983644993,0.000805715030909035,0.004523933380603135,0.003137953714836094,0.002120016760936042,0.0024568108368267496,-0.0,0.09517827735231546,0.003990734964246235,-0.0
2019-06-06,scikit-learn,0.0009270625016297628,0.0011420529473293267,0.004431181883432209,0.003132971982227061,0.002293121641089397,0.0024194502041752913,0.00164675142447436,0.1281709210679145,0.0035771536631585585,0.00164675142447436
2019-06-16,scikit-learn,0.0006619610439084537,0.0011420529473293267,0.004122448504781321,0.003182699357769308,0.0020411960839411512,0.0017206341529596451,0.002316788075540888,0.13285579602801964,0.003365581174087262,0.002316788075540888
2019-06-26,scikit-learn,0.00043566531839743495,0.000805715030909035,0.004122448504781321,0.0031313109575556,0.002669054935998905,0.0017206341529596451,0.002316788075540888,0.13093362380855256,0.003365581174087262,0.002316788075540888
2019-07-06,scikit-learn,0.0009270625016297628,0.000805715030909035,0.004122448504781321,0.0030963775173905926,0.003002287133436999,0.0023065382803569593,0.002316788075540888,0.13816717933369546,0.003365581174087262,0.002316788075540888
2019-07-16,scikit-learn,0.0014669859519309849,0.000805715030909035,0.004589853219204473,0.003019505114907383,0.003403420686601588,0.0028594144963361937,0.004109306438128854,0.1965947070678468,0.0027085665283722105,0.004109306438128854
2019-07-26,scikit-learn,0.002077585810502462,0.0011420529473293267,0.004497488623589872,0.0030646848979551692,0.003964750757379969,0.0031786160730481196,0.0057039424736813225,0.25149904691211933,0.0020098660810990545,0.0057039424736813225
2019-08-05,scikit-learn,0.001967829702229721,0.000805715030909035,0.004417886806063568,0.0030496437248175054,0.004452762860589155,0.0034213161755933114,0.0057039424736813225,0.250859802772419,0.0020098660810990545,0.0057039424736813225
2019-08-15,scikit-learn,0.0031733425236971954,0.0011420529473293267,0.00420359388525187,0.002965737676491613,0.005737844789219751,0.0055004206766831685,0.0057039424736813225,0.28148633204840756,0.0020098660810990545,0.0057039424736813225
2019-08-25,scikit-learn,0.003368905705880197,0.000805715030909035,0.004270883079480035,0.0028778411577299,0.0059140325585277384,0.006409139174862898,0.006204896162698594,0.30484385147204285,0.0017649249712418423,0.006204896162698594
2019-09-04,scikit-learn,0.0033494834899691272,0.0023404438489693464,0.004311114364502657,0.0028693546402699744,0.005585478602371188,0.006409139174862898,0.0057039424736813225,0.3048225758042428,0.0020098660810990545,0.0057039424736813225
2019-09-14,scikit-learn,0.0021860438499116267,0.0020566738833682928,0.0040135613323061484,0.0029589996480595786,0.004573946219332944,0.004701277250229458,0.003539339508810066,0.21162975770683784,0.0029316076715885145,0.003539339508810066
2019-09-24,scikit-learn,0.0018790323650443642,0.002616374760195179,0.0038348655179508448,0.0029993706685104023,0.003930047824494338,0.004351220546099164,0.00164675142447436,0.16376160491563624,0.0035771536631585585,0.00164675142447436
2019-10-04,scikit-learn,0.0020118932084800564,0.0011420529473293267,0.0038625023753029934,0.0029993706685104023,0.0037288528978276004,0.0044154480989912126,0.00164675142447436,0.14827275852358934,0.0035771536631585585,0.00164675142447436
2019-10-14,scikit-learn,0.001967829702229721,0.0011420529473293267,0.004122448504781321,0.003014474671100325,0.003217058145976362,0.004447462790118292,0.00164675142447436,0.1493277555442222,0.0035771536631585585,0.00164675142447436
2019-10-24,scikit-learn,0.001766713093729299,-0.0,0.00420359388525187,0.003052987821337243,0.002887570689026036,0.0037939219856754974,0.0009107539977293338,0.11752605893025267,0.0037854656937401825,0.0009107539977293338
2019-11-03,scikit-learn,0.002357064316155785,0.002616374760195179,0.004497488623589872,0.002965737676491613,0.003964750757379969,0.0051362048749845485,0.0009107539977293338,0.165452210959942,0.0037854656937401825,0.0009107539977293338
2019-11-13,scikit-learn,0.0023145870699691944,0.002885452027949762,0.004523933380603135,0.0029370745194499657,0.004747841954273967,0.00516684746418994,0.002316788075540888,0.2024007589701265,0.003365581174087262,0.002316788075540888
2019-11-23,scikit-learn,0.0021428113027318696,0.002885452027949762,0.004799001908380841,0.0029623691409178393,0.004213923689644915,0.004920153602858624,0.0029439897069801053,0.21545260143980682,0.0031504969433069274,0.0029439897069801053
2019-12-03,scikit-learn,0.001153886212327175,0.0004407628506695775,0.004391262589054944,0.0030997088007640498,0.003009274694827025,0.0028953072377286377,0.0029439897069801053,0.15862003708132183,0.0031504969433069274,0.0029439897069801053
2019-12-13,scikit-learn,0.0013960430540574129,-0.0,0.004257449068319472,0.003094711535480817,0.0023846985514815945,0.003002331318959312,0.00164675142447436,0.1232824185921518,0.0035771536631585585,0.00164675142447436
2019-12-23,scikit-learn,0.0016298414154056445,-0.0,0.004108881350586374,0.003074702003174251,0.0027907084615208092,0.0033178646189258383,0.00164675142447436,0.12660564961476323,0.0035771536631585585,0.00164675142447436
2020-01-02,scikit-learn,0.0015604860292279298,-0.0,0.004337876714485467,0.0030813754953150636,0.0029789657190005007,0.0032484319550954827,0.00164675142447436,0.12894527669220682,0.0035771536631585585,0.00164675142447436
2020-01-12,scikit-learn,0.0012030741153871661,-0.0,0.004377933364787418,0.0030830432974744662,0.003452967228310897,0.003037793207835453,0.00164675142447436,0.12795413027507774,0.0035771536631585585,0.00164675142447436
2020-01-22,scikit-learn,0.001153886212327175,-0.0,0.00420359388525187,0.0030930453265588065,0.0034574622225466835,0.0029667640533406125,0.002316788075540888,0.14039306702005758,0.003365581174087262,0.002316788075540888
2020-02-01,scikit-learn,0.0010793189533139973,-0.0,0.004054488267851631,0.0030880453362395113,0.0030069459605026514,0.0029310898836740137,0.003539339508810066,0.16677683676058078,0.0029316076715885145,0.003539339508810066
2020-02-11,scikit-learn,0.0011291378437879324,-0.0,0.0040272163312696976,0.003123002474220659,0.002414221456263139,0.0029667640533406125,0.0046581649651038694,0.19517946983612788,0.0024809569975718835,0.0046581649651038694
2020-02-21,scikit-learn,0.0010793189533139973,0.0011420529473293267,0.00398621300834739,0.003098043272435835,0.002355089510871555,0.00278729200291547,0.0046581649651038694,0.20254388709617788,0.0024809569975718835,0.0046581649651038694
2020-03-02,scikit-learn,0.0013002814300906685,0.0011420529473293267,0.0039450938998796484,0.003101374102522551,0.0026089288781903732,0.003037793207835453,0.003539339508810066,0.17562338671883407,0.0029316076715885145,0.003539339508810066
2020-03-12,scikit-learn,0.0013243525067716338,0.0017637469394380313,0.0037237737175320985,0.0030880453362395113,0.003041829681091406,0.003002331318959312,0.003539339508810066,0.18101603892186427,0.0029316076715885145,0.003539339508810066
2020-03-22,scikit-learn,0.0013960430540574129,0.000805715030909035,0.0040272163312696976,0.0031030391778584616,0.0029228067036398122,0.0031084067512393795,0.002316788075540888,0.14510248259656958,0.003365581174087262,0.002316788075540888
2020-04-01,scikit-learn,0.0030744043752209023,0.000805715030909035,0.004270883079480035,0.002859162609930539,0.006025471690296052,0.006149759367961937,0.007170073450351861,0.33150204863221727,0.0012505857405127304,0.007170073450351861
2020-04-11,scikit-learn,0.0029546052602065775,-0.0,0.004720886118713935,0.0028727499921432304,0.0059621471343485055,0.005886842587491723,0.006204896162698594,0.29638357701102647,0.0017649249712418423,0.006204896162698594
2020-04-21,scikit-learn,0.0027521858738327105,-0.0,0.004537139218672109,0.0028914067078353247,0.006008222286533152,0.005679779761769531,0.007636406954684252,0.3368945113155366,0.0009773007354151105,0.007636406954684252
2020-05-01,scikit-learn,0.0011291378437879324,-0.0,0.004681687625187613,0.0031030391778584616,0.0031757805132588916,0.00278729200291547,0.0029439897069801053,0.15829240980116938,0.0031504969433069274,0.0029439897069801053
2020-05-11,scikit-learn,0.0012030741153871661,-0.0,0.004655502566405633,0.003094711535480817,0.002845146149887289,0.003037793207835453,0.003539339508810066,0.17426549576881958,0.0029316076715885145,0.003539339508810066
2020-05-21,scikit-learn,0.0016757303772918124,-0.0,0.004811985164275051,0.003024533453939795,0.0037662468456624272,0.003926971342724256,0.004109306438128854,0.20399933946082124,0.0027085665283722105,0.004109306438128854
2020-05-31,scikit-learn,0.001901317399130872,-0.0,0.004655502566405633,0.0029976912693134576,0.004584349885202082,0.004189467207091959,0.00518895313002298,0.2389118999420709,0.0022482694815742893,0.00518895313002298
2020-06-10,scikit-learn,0.002441486899316989,-0.0,0.004324501360426981,0.0029640535282831866,0.00469215039049337,0.004889062135605213,0.0046581649651038694,0.22927115632310197,0.0024809569975718835,0.0046581649651038694
2020-06-20,scikit-learn,0.0022505277739301617,-0.0,0.004391262589054944,0.003024533453939795,0.0035671177881109336,0.004254374726428792,0.003539339508810066,0.1887281607292634,0.0029316076715885145,0.003539339508810066
2020-06-30,scikit-learn,0.002077585810502462,-0.0,0.004257449068319472,0.0030429527576617643,0.002360030387189055,0.003926971342724256,0.004109306438128854,0.194385567253905,0.0027085665283722105,0.004109306438128854
2020-07-10,scikit-learn,0.0014669859519309849,-0.0,0.0044709994922268285,0.00310636864985005,0.002025861507341282,0.003037793207835453,0.004109306438128854,0.18555625323541014,0.0027085665283722105,0.004109306438128854
2020-07-20,scikit-learn,0.001856688862636168,-0.0,0.004824958214139235,0.002984247569148167,0.0034731826780546775,0.004889062135605213,0.003539339508810066,0.19746091174750857,0.0029316076715885145,0.003539339508810066
2020-07-30,scikit-learn,0.002271927342559028,-0.0,0.004550334082512072,0.0029353862830959285,0.003912665026163964,0.005798383889903774,0.002316788075540888,0.17629846412477887,0.003365581174087262,0.002316788075540888
2020-08-09,scikit-learn,0.0022290810325407383,-0.0,0.004404580388656636,0.00288462590977046,0.004139181535009047,0.006091645754959439,0.004109306438128854,0.22360611880487472,0.0027085665283722105,0.004109306438128854
2020-08-19,scikit-learn,0.0024624844294287404,0.0014598087209578296,0.004149545824709891,0.0029134171290626917,0.003838552017080485,0.005739177004233592,0.00518895313002298,0.26032131857404284,0.0022482694815742893,0.00518895313002298
2020-08-29,scikit-learn,0.002731745312098779,0.0014598087209578296,0.004720886118713935,0.0028693546402699744,0.004345426296410081,0.006033355464174875,0.006204896162698594,0.3030531387625309,0.0017649249712418423,0.006204896162698594
2020-09-08,scikit-learn,0.0030744043752209023,0.0017637469394380313,0.00444446566260791,0.0027412979872060094,0.005607043216740196,0.008138892086484417,0.00518895313002298,0.3019198717662728,0.0022482694815742893,0.00518895313002298
2020-09-18,scikit-learn,0.002813286481274753,0.0004407628506695775,0.0040135613323061484,0.0027772993498886064,0.005254865161655712,0.007604689790346178,0.0057039424736813225,0.29079115515786075,0.0020098660810990545,0.0057039424736813225
2020-09-28,scikit-learn,0.0025875947519871157,0.0004407628506695775,0.0038625023753029934,0.002816598584301316,0.004569782854280598,0.007387334709184876,0.0046581649651038694,0.25276369359549644,0.0024809569975718835,0.0046581649651038694
2020-10-08,scikit-learn,0.0026083044635552945,-0.0,0.0040408586256186225,0.0029252517775368962,0.003932219200647734,0.005679779761769531,0.00518895313002298,0.24663091467439546,0.0022482694815742893,0.00518895313002298
2020-10-18,scikit-learn,0.002546055195806425,0.0020566738833682928,0.004176594155262485,0.0028897118783919877,0.004389713477682275,0.005827916709182724,0.00518895313002298,0.2704603058454287,0.0022482694815742893,0.00518895313002298
2020-10-28,scikit-learn,0.0020338437387777742,0.0020566738833682928,0.003779429464110821,0.0029589996480595786,0.00423308334084037,0.004889062135605213,0.0046581649651038694,0.23910638999217804,0.0024809569975718835,0.0046581649651038694
2020-11-07,scikit-learn,0.0020118932084800564,0.0020566738833682928,0.003737708467347555,0.002987609914199017,0.00384073731932137,0.004574874468627713,0.0046581649651038694,0.23413501565490558,0.0024809569975718835,0.0046581649651038694
2020-11-17,scikit-learn,0.002271927342559028,-0.0,0.004176594155262485,0.0030345838345695792,0.003132060688091873,0.004826704499253127,0.002316788075540888,0.15990297648334448,0.003365581174087262,0.002316788075540888
2020-11-27,scikit-learn,0.0033300320406221707,-0.0,0.004391262589054944,0.0028914067078353247,0.004008013078294082,0.006523331234656329,0.004109306438128854,0.23241364559463584,0.0027085665283722105,0.004109306438128854
2020-12-07,scikit-learn,0.004197249946777629,-0.0,0.005031165991549953,0.0027704507971542227,0.0042670853245229306,0.008059568136846816,0.00518895313002298,0.29162244274205884,0.0022482694815742893,0.00518895313002298
2020-12-17,scikit-learn,0.004087081591154272,-0.0,0.0044842496248357795,0.0027618842673201435,0.004469533207210566,0.007658691718521595,0.006204896162698594,0.31142258268714446,0.0017649249712418423,0.006204896162698594
2020-12-27,scikit-learn,0.0030744043752209023,-0.0,0.0043512404707763,0.002893101290854072,0.0038013502012080092,0.006149759367961937,0.006204896162698594,0.286627214474683,0.0017649249712418423,0.006204896162698594
2021-01-06,scikit-learn,0.0020118932084800564,-0.0,0.0035554474351680242,0.003001049831946162,0.003265044698864311,0.004221955760300403,0.00518895313002298,0.22254173423976198,0.0022482694815742893,0.00518895313002298
2021-01-16,scikit-learn,0.0016985738748413752,-0.0,0.0033420276265538037,0.0030446258465986957,0.002835697281425094,0.0038606019624321405,0.007636406954684252,0.28988497456793594,0.0009773007354151105,0.007636406954684252
2021-01-26,scikit-learn,0.0019457152885374984,0.000805715030909035,0.0029189631522316692,0.003024533453939795,0.0028993278335725345,0.004221955760300403,0.006693222735270065,0.26625217663321854,0.0015123470138430877,0.006693222735270065
2021-02-05,scikit-learn,0.001834286056588117,0.000805715030909035,0.002724334634854838,0.0030345838345695792,0.0029602756459887066,0.004124278675672884,0.007170073450351861,0.2783168260120464,0.0012505857405127304,0.007170073450351861
2021-02-15,scikit-learn,0.001834286056588117,0.000805715030909035,0.002724334634854838,0.003001049831946162,0.0033060320841551663,0.004383367548765236,0.004109306438128854,0.19114443425733021,0.0027085665283722105,0.004109306438128854
2021-02-25,scikit-learn,0.001856688862636168,0.000805715030909035,0.0037516292998271846,0.0030211814615729734,0.003127449597653813,0.00431900648686334,0.00518895313002298,0.23084924209053015,0.0022482694815742893,0.00518895313002298
2021-03-07,scikit-learn,0.0029345212384522057,0.000805715030909035,0.0038348655179508448,0.0029353862830959285,0.003106678278525133,0.006033355464174875,0.00518895313002298,0.2528243314832271,0.0022482694815742893,0.00518895313002298
2021-03-17,scikit-learn,0.002711267352439279,0.000805715030909035,0.003779429464110821,0.002989290731320428,0.002645044206830472,0.0054402364497215345,0.006204896162698594,0.27398468487277683,0.0017649249712418423,0.006204896162698594
2021-03-27,scikit-learn,0.0026907516548637456,-0.0,0.0029041077948693565,0.0029471988654099423,0.003060393173835036,0.005590321517613056,0.0057039424736813225,0.2461021010697157,0.0020098660810990545,0.0057039424736813225
2021-04-06,scikit-learn,0.001856688862636168,0.0020566738833682928,0.002859427850896417,0.002989290731320428,0.0035314106703928897,0.004543117486436357,0.00518895313002298,0.23805428714819504,0.0022482694815742893,0.00518895313002298
2021-04-16,scikit-learn,0.001923544777008305,0.0020566738833682928,0.002859427850896417,0.0029775200312976966,0.003349154720166983,0.004606568406281642,0.0046581649651038694,0.22311025655065603,0.0024809569975718835,0.0046581649651038694
2021-04-26,scikit-learn,0.0016528199233941032,0.0020566738833682928,0.0029929604463396157,0.0030429527576617643,0.0025387614403708236,0.004025956984453475,0.004109306438128854,0.20009556546366739,0.0027085665283722105,0.004109306438128854
2021-05-06,scikit-learn,0.0014197715644250412,-0.0,0.0030957940707607894,0.003089712227086334,0.0021149518370733563,0.0034213161755933114,0.0057039424736813225,0.21949988859677744,0.0020098660810990545,0.0057039424736813225
2021-05-16,scikit-learn,0.0013483352552220093,-0.0,0.0033420276265538037,0.0030997088007640498,0.0026161615473111292,0.0032135725425844522,0.007636406954684252,0.28218539932340825,0.0009773007354151105,0.007636406954684252
2021-05-26,scikit-learn,0.002271927342559028,-0.0,0.0031832533721062196,0.0030178285343780845,0.0032422166940925903,0.004606568406281642,0.008093033933317586,0.3139996796636325,0.0006885183701191581,0.008093033933317586
2021-06-05,scikit-learn,0.002441486899316989,-0.0,0.003270103584412094,0.0030161517198281206,0.003083557681931667,0.004764110816954899,0.007170073450351861,0.2862885744743139,0.0012505857405127304,0.007170073450351861
2021-06-15,scikit-learn,0.002874062182100787,0.0004407628506695775,0.003212270127686108,0.0029336978047635486,0.003253635839968899,0.005798383889903774,0.0057039424736813225,0.256052322161062,0.0020098660810990545,0.0057039424736813225
2021-06-25,scikit-learn,0.002504352840424966,0.0004407628506695775,0.0034562809938396676,0.002930320121491363,0.0035314106703928897,0.0051055076473456315,0.00518895313002298,0.23602889961977253,0.0022482694815742893,0.00518895313002298
2021-07-05,scikit-learn,0.002711267352439279,0.0004407628506695775,0.004068105310035336,0.0028880168023497866,0.003886551344378849,0.0055004206766831685,0.006693222735270065,0.29401345030431136,0.0015123470138430877,0.006693222735270065
2021-07-15,scikit-learn,0.0030744043752209023,-0.0,0.004136003312961607,0.002852362929841603,0.004018808642626018,0.00617875057565077,0.006693222735270065,0.3004478961813477,0.0015123470138430877,0.006693222735270065
2021-07-25,scikit-learn,0.00399464499672617,-0.0,0.004081709803809575,0.002768738010846111,0.004727237626584922,0.007926739940788106,0.007636406954684252,0.35584454762319684,0.0009773007354151105,0.007636406954684252
2021-08-04,scikit-learn,0.003826761460162712,-0.0,0.003527189214334684,0.002780722073450468,0.004303129531704255,0.007819908333493787,0.008093033933317586,0.3613091118897278,0.0006885183701191581,0.008093033933317586
2021-08-14,scikit-learn,0.003826761460162712,-0.0,0.0034562809938396676,0.0028148927360637146,0.00406191162338522,0.007766299824347974,0.00854064893819463,0.37419503768235624,0.00037587193499097555,0.00854064893819463
2021-08-24,scikit-learn,0.0024834396005035033,-0.0,0.003427811069971215,0.0029455120774101316,0.0029602756459887066,0.005560404186674728,0.008979853692171498,0.3557433877835054,-0.0,0.008979853692171498
2021-09-03,scikit-learn,0.002731745312098779,-0.0,0.0033133064403465273,0.002906649104550834,0.0034237123309230526,0.006004143397378343,0.007170073450351861,0.3012357386481006,0.0012505857405127304,0.007170073450351861
2021-09-13,scikit-learn,0.00216445228591485,-0.0,0.002948617628933262,0.002920181246670117,0.0035715745304723497,0.0052279703284766966,0.007636406954684252,0.30302101526569236,0.0009773007354151105,0.007636406954684252
2021-09-23,scikit-learn,0.0029345212384522057,-0.0,0.0026181235813749117,0.002830236229744966,0.004156298297806305,0.006580183190151937,0.00518895313002298,0.24326044829687982,0.0022482694815742893,0.00518895313002298
2021-10-03,scikit-learn,0.0029144029095834567,-0.0,0.0026181235813749117,0.002823419435772269,0.004290417746378044,0.006665161000656429,0.0046581649651038694,0.229445156304788,0.0024809569975718835,0.0046581649651038694
2021-10-13,scikit-learn,0.0024624844294287404,-0.0,0.002724334634854838,0.002908341477550203,0.0036093977252963645,0.005530437351196502,0.002316788075540888,0.15393060387618407,0.003365581174087262,0.002316788075540888
2021-10-23,scikit-learn,0.0017213514789319615,-0.0,0.0029337997254065868,0.0029976912693134576,0.0027883357061201457,0.004156908404049415,0.004109306438128854,0.18237014297776774,0.0027085665283722105,0.004109306438128854
2021-11-02,scikit-learn,0.0011291378437879324,-0.0,0.0029781978782816884,0.003071363884904902,0.002079419611057716,0.0031084067512393795,0.00518895313002298,0.19927446734133328,0.0022482694815742893,0.00518895313002298
2021-11-12,scikit-learn,0.001856688862636168,-0.0,0.003298921717185473,0.0029775200312976966,0.002766958535392356,0.00451129691620678,0.006693222735270065,0.265415224405127,0.0015123470138430877,0.006693222735270065
2021-11-22,scikit-learn,0.0016067937189874109,-0.0,0.0030518295393974,0.0029775200312976966,0.0029976264923192116,0.004189467207091959,0.006204896162698594,0.2446034403212589,0.0017649249712418423,0.006204896162698594
2021-12-02,scikit-learn,0.001967829702229721,-0.0,0.002724334634854838,0.0029370745194499657,0.003631597606563114,0.004606568406281642,0.007170073450351861,0.279175152703926,0.0012505857405127304,0.007170073450351861
2021-12-12,scikit-learn,0.0016985738748413752,-0.0,0.002541619000294863,0.00297583755261055,0.003403420686601588,0.004025956984453475,0.007170073450351861,0.2701586284543075,0.0012505857405127304,0.007170073450351861
2021-12-22,scikit-learn,0.001834286056588117,-0.0,0.0027544948461717565,0.0029909713117203243,0.0034731826780546775,0.004025956984453475,0.00854064893819463,0.3184518318138748,0.00037587193499097555,0.00854064893819463
2022-01-01,scikit-learn,0.0015138869734490626,-0.0,0.002859427850896417,0.0030412794370366005,0.002953259269283793,0.0034556186278941986,0.007170073450351861,0.26597507048825,0.0012505857405127304,0.007170073450351861
2022-01-11,scikit-learn,0.0008229254328382983,-0.0,0.002739424879009057,0.0031296497090774716,0.0024632382878648504,0.0022686153683877984,0.0057039424736813225,0.20547188204647443,0.0020098660810990545,0.0057039424736813225
2022-01-21,scikit-learn,0.001153886212327175,-0.0,0.0029189631522316692,0.0031130248832144146,0.0028687345154931486,0.0029310898836740137,0.004109306438128854,0.16979575047303175,0.0027085665283722105,0.004109306438128854
2022-01-31,scikit-learn,0.0005507850828564068,-0.0,0.0026485744635538753,0.003177735569666683,0.002360030387189055,0.0018010702971746327,0.0046581649651038694,0.16956913725408979,0.0024809569975718835,0.0046581649651038694
2022-02-10,scikit-learn,0.0010793189533139973,-0.0,0.002724334634854838,0.003127988236648932,0.0025095909943699765,0.00264164888946908,0.004109306438128854,0.16398793213834362,0.0027085665283722105,0.004109306438128854
2022-02-20,scikit-learn,0.0007699548439511714,-0.0,0.0026485744635538753,0.0030646848979551692,0.002752684592748552,0.0035579969655851426,0.007170073450351861,0.2612919435053026,0.0012505857405127304,0.007170073450351861
2022-03-02,scikit-learn,0.001744064219233334,-0.0,0.0032845207939311695,0.002984247569148167,0.003081243213717475,0.004951187443579959,0.006204896162698594,0.254926593813634,0.0017649249712418423,0.006204896162698594
2022-03-12,scikit-learn,0.0020118932084800564,-0.0,0.003807174707418919,0.002908341477550203,0.004141322202286286,0.0055004206766831685,0.007170073450351861,0.3010010365271945,0.0012505857405127304,0.007170073450351861
2022-03-22,scikit-learn,0.0020118932084800564,-0.0,0.003876300719113786,0.0030094421182751156,0.002981299913446662,0.004091577333345354,0.003539339508810066,0.17840387575621788,0.0029316076715885145,0.003539339508810066
2022-04-01,scikit-learn,0.001856688862636168,-0.0,0.003695862211110995,0.0030060859092782433,0.0031596911421601986,0.0039600415710459875,0.0046581649651038694,0.20552054823069493,0.0024809569975718835,0.0046581649651038694
2022-04-11,scikit-learn,0.0013002814300906685,-0.0,0.0032412199572705276,0.003098043272435835,0.0018788436456812485,0.003002331318959312,0.0057039424736813225,0.2162305694526343,0.0020098660810990545,0.0057039424736813225
2022-04-21,scikit-learn,0.0015836756613427736,-0.0,0.0030957940707607894,0.003058002235736207,0.0023204350315240074,0.003760463447212321,0.008979853692171498,0.3296105484663205,-0.0,0.008979853692171498
2022-05-01,scikit-learn,0.0009783085252023033,-0.0,0.0028892335373664076,0.0031080330467990205,0.002079419611057716,0.00275105875799202,0.008093033933317586,0.2856590933610077,0.0006885183701191581,0.008093033933317586
2022-05-11,scikit-learn,0.0014434186751922855,-0.0,0.0028295451358960107,0.0030429527576617643,0.0025290468919484323,0.003893825070570226,0.006693222735270065,0.2526204183073907,0.0015123470138430877,0.006693222735270065
2022-05-21,scikit-learn,0.0014197715644250412,-0.0,0.003066502047663624,0.0030178285343780845,0.0027883357061201457,0.004058803674946879,0.00518895313002298,0.21188536361302318,0.0022482694815742893,0.00518895313002298
2022-05-31,scikit-learn,0.0016298414154056445,-0.0,0.0029929604463396157,0.002989290731320428,0.002781214463099006,0.004638199833686733,0.0057039424736813225,0.23234793056897074,0.0020098660810990545,0.0057039424736813225
2022-06-10,scikit-learn,0.0013002814300906685,-0.0,0.0028295451358960107,0.003068024850233806,0.002167997307202402,0.003591950183088564,0.006693222735270065,0.24822061310146357,0.0015123470138430877,0.006693222735270065
2022-06-20,scikit-learn,0.0008491770983644993,-0.0,0.0024800168616216037,0.003146252139747083,0.0016037506308612989,0.002494037350795995,0.00518895313002298,0.18689235630688572,0.0022482694815742893,0.00518895313002298
2022-06-30,scikit-learn,0.0011291378437879324,-0.0,0.002587587051554958,0.0031495699510668365,0.001614510368107859,0.002494037350795995,0.00518895313002298,0.18899918846348623,0.0022482694815742893,0.00518895313002298
2022-07-10,scikit-learn,0.0013960430540574129,-0.0,0.002587587051554958,0.003089712227086334,0.0022632386746657463,0.0031084067512393795,0.004109306438128854,0.1668098755543662,0.0027085665283722105,0.004109306438128854
