date,project_id,commits,commit_count,forks,issue,issue_comment,req_closed,req_opened,score
2011/8/1,kafka,0.000984155,0,0,0,0,0,0,0.000984155
2011/8/11,kafka,0.001180986,0,0,0,0,0,0,0.001180986
2011/8/21,kafka,0.00088574,0,0,0,0,0,0,0.00088574
2011/8/31,kafka,0.000590493,0,0,0,0,0,0,0.000590493
2011/9/10,kafka,0.000196831,0,0,0,0,0,0,0.000196831
2011/9/20,kafka,0.000590493,0,0,0,0,0,0,0.000590493
2011/9/30,kafka,0.002361972,0,0,0,0,0,0,0.002361972
2011/10/10,kafka,0.001180986,0.006493506,0,0,0,0,0,0.007674492
2011/10/20,kafka,0.000590493,0,0,0,0,0,0,0.000590493
2011/10/30,kafka,0.000590493,0,0,0,0,0,0,0.000590493
2011/11/9,kafka,0.000196831,0,0,0,0,0,0,0.000196831
2011/11/19,kafka,0.001180986,0,0,0,0,0,0,0.001180986
2011/11/29,kafka,0.000492078,0,8.91E-05,0,0,0,0,0.000581181
2011/12/9,kafka,0.000393662,0,0,0,0,0,0,0.000393662
2011/12/19,kafka,0,0,0,0,0,0,0,0
2011/12/29,kafka,0.000590493,0,8.91E-05,0,0,0,0,0.000679596
2012/1/8,kafka,0.001082571,0,0,0,0,0,0,0.001082571
2012/1/18,kafka,0.000196831,0,8.91E-05,0,0,0,0,0.000285934
2012/1/28,kafka,0.000393662,0,0,0,0,0,0,0.000393662
2012/2/7,kafka,0.001082571,0,8.91E-05,0,0,0,0,0.001171674
2012/2/17,kafka,0.00088574,0.006493506,8.91E-05,0,0,0,0,0.007468349
2012/2/27,kafka,0.00088574,0,0,0,0,0,0,0.00088574
2012/3/8,kafka,0.000393662,0,0.000178205,0,0,0,0,0.000571867
2012/3/18,kafka,0.000688909,0,8.91E-05,0,0,0,0,0.000778012
2012/3/28,kafka,0.000196831,0,0.000178205,0,0,0,0,0.000375036
2012/4/7,kafka,0.000295247,0,0,0,0,0,0,0.000295247
2012/4/17,kafka,0.000196831,0,8.91E-05,0,0,0,0,0.000285934
2012/4/27,kafka,9.84E-05,0,8.91E-05,0,0,0,0,0.000187518
2012/5/7,kafka,0,0,0,0,0,0,0,0
2012/5/17,kafka,0.000196831,0,8.91E-05,0,0,0,0,0.000285934
2012/5/27,kafka,0.000393662,0,8.91E-05,0,0,0,0,0.000482765
2012/6/6,kafka,0.000590493,0,8.91E-05,0,0,0,0,0.000679596
2012/6/16,kafka,0.000787324,0,0,0,0,0,0,0.000787324
2012/6/26,kafka,0.000196831,0,0.000178205,0,0,0,0,0.000375036
2012/7/6,kafka,0.000393662,0,0,0,0,0,0,0.000393662
2012/7/16,kafka,0.000590493,0,0.000356411,0,0,0,0,0.000946904
2012/7/26,kafka,0.000688909,0,0.000178205,0,0,0,0,0.000867114
2012/8/5,kafka,0.000688909,0,0,0,0,0,0,0.000688909
2012/8/15,kafka,0.001180986,0,8.91E-05,0,0,0,0,0.001270089
2012/8/25,kafka,0.001279402,0,8.91E-05,0,0,0,0,0.001368505
2012/9/4,kafka,0.000984155,0,0.000356411,0,0,0,0,0.001340566
2012/9/14,kafka,0.000787324,0,0,0,0,0,0,0.000787324
2012/9/24,kafka,0.001377817,0,8.91E-05,0,0,0,0,0.00146692
2012/10/4,kafka,0.003542958,0,8.91E-05,0,0,0,0,0.003632061
2012/10/14,kafka,0.000393662,0,0.000178205,0,0,0,0,0.000571867
2012/10/24,kafka,0.001673064,0,0.000267308,0,0,0,0,0.001940372
2012/11/3,kafka,0.000492078,0,8.91E-05,0,0,0,0,0.000581181
2012/11/13,kafka,0.001180986,0,0.000356411,0,0,0,0,0.001537397
2012/11/23,kafka,0.001180986,0,0.000356411,0,0,0,0,0.001537397
2012/12/3,kafka,0.001180986,0,0.000267308,0,0,0,0,0.001448294
2012/12/13,kafka,0.001377817,0,0.000267308,0,0,0,0,0.001645125
2012/12/23,kafka,0,0,0.000267308,0,0,0,0,0.000267308
2013/1/2,kafka,0.001673064,0,0.000178205,0,0,0,0,0.001851269
2013/1/12,kafka,0.002657219,0,0.000178205,0,0,0,0,0.002835424
2013/1/22,kafka,0.002263557,0,0.000267308,0,0,0,0,0.002530865
2013/2/1,kafka,0.000688909,0,0,0,0,0,0,0.000688909
2013/2/11,kafka,0.000688909,0,8.91E-05,0,0,0,0,0.000778012
2013/2/21,kafka,0.002066726,0,0.000445514,0,0,0,0,0.00251224
2013/3/3,kafka,0.001377817,0,0.000534616,0,0,0,0,0.001912433
2013/3/13,kafka,0.001279402,0,0,0,0,0,0,0.001279402
2013/3/23,kafka,0.001574648,0,0.000178205,0,0,0,0,0.001752853
2013/4/2,kafka,0.001180986,0,0.000267308,0,0,0,0,0.001448294
2013/4/12,kafka,0.000295247,0,0.000356411,0,0,0,0,0.000651658
2013/4/22,kafka,0.001082571,0,0.000178205,0,0,0,0,0.001260776
2013/5/2,kafka,0,0,0.000356411,0,0,0,0,0.000356411
2013/5/12,kafka,0.000295247,0,0.000178205,0,0,0,0,0.000473452
2013/5/22,kafka,0.001574648,0,0.000267308,0,0,0,0,0.001841956
2013/6/1,kafka,0.000688909,0,0,0,0,0,0,0.000688909
2013/6/11,kafka,0.000787324,0,0.000267308,0,0,0,0,0.001054632
2013/6/21,kafka,0.000295247,0,0.000445514,0,0,0,0,0.000740761
2013/7/1,kafka,0.000393662,0,0.000178205,0,0,0,0,0.000571867
2013/7/11,kafka,0.000590493,0,0.000356411,0,0,0,0,0.000946904
2013/7/21,kafka,0.00088574,0,0.000534616,0,0,0,0,0.001420356
2013/7/31,kafka,0.001476233,0,0.000356411,0,0,0,0,0.001832644
2013/8/10,kafka,0.000393662,0,0.000356411,0,0,0,0,0.000750073
2013/8/20,kafka,0.000590493,0.006493506,8.91E-05,0,0,0,0,0.007173102
2013/8/30,kafka,0.000196831,0,0.000445514,0,0,0,0,0.000642345
2013/9/9,kafka,0.001082571,0,0.000267308,0,0,0,0,0.001349879
2013/9/19,kafka,0.000295247,0,0.000178205,0,0,0,0,0.000473452
2013/9/29,kafka,0.001082571,0,0.000356411,0,0,0,0,0.001438982
2013/10/9,kafka,0.001673064,0.012987013,0.000267308,0,0,0,0,0.014927385
2013/10/19,kafka,0.000393662,0,0.000178205,0,0,0,0,0.000571867
2013/10/29,kafka,0.00088574,0,8.91E-05,0,0,0,0,0.000974843
2013/11/8,kafka,0.000196831,0,0.000267308,0,0,0,0,0.000464139
2013/11/18,kafka,0.001869895,0,0.000712822,0,0,8.71E-05,0,0.002669817
2013/11/28,kafka,0.000984155,0,0.000534616,0,0,0,0,0.001518771
2013/12/8,kafka,0.000393662,0,0.000891027,0,0,0,0,0.001284689
2013/12/18,kafka,0.000590493,0.025974026,0.000623719,0,0,8.71E-05,0,0.027275338
2013/12/28,kafka,0.000295247,0,0.000623719,0,0,0,0,0.000918966
2014/1/7,kafka,0.000492078,0,0.000356411,0,0,8.71E-05,0,0.000935589
2014/1/17,kafka,0.000393662,0,0.000712822,0,0,0,0,0.001106484
2014/1/27,kafka,0.000590493,0,0.000356411,8.79E-05,4.51E-05,0.000174201,0,0.00125404
2014/2/6,kafka,0.002657219,0,0.000356411,0,0,0,0,0.00301363
2014/2/16,kafka,0.001377817,0,0.000534616,0,0,0,0,0.001912433
2014/2/26,kafka,0.001574648,0,0.000712822,0,0,0,0,0.00228747
2014/3/8,kafka,0.000295247,0,0.000623719,0,0,8.71E-05,0,0.001006066
2014/3/18,kafka,0.001377817,0,0.000623719,0,0,0,0,0.002001536
2014/3/28,kafka,0.00088574,0,0.000356411,0,0,0,0,0.001242151
2014/4/7,kafka,0.002263557,0,0.000445514,0,0,8.71E-05,0,0.002796171
2014/4/17,kafka,0.001476233,0,0.000356411,0,0,8.71E-05,0,0.001919744
2014/4/27,kafka,0.001180986,0,8.91E-05,0,0,0,0,0.001270089
2014/5/7,kafka,0.001082571,0,0.000445514,0,0,0,0,0.001528085
2014/5/17,kafka,0.000492078,0,8.91E-05,0,0,0,0,0.000581181
2014/5/27,kafka,0.000787324,0,0.000534616,0,0,0,0,0.00132194
2014/6/6,kafka,0.000787324,0,0.000445514,0,0,0,0,0.001232838
2014/6/16,kafka,0.000295247,0,0.00098013,0.000351463,3.00E-05,0,0,0.001656886
2014/6/26,kafka,0.00088574,0,0.000356411,0.000175731,3.00E-05,0,0,0.001447928
2014/7/6,kafka,0.000590493,0,0.000534616,0,0,0,0,0.001125109
2014/7/16,kafka,0.000984155,0,0.000534616,0,0,0,0,0.001518771
2014/7/26,kafka,0.000590493,0,0.000445514,0.000175731,4.51E-05,8.71E-05,0,0.001343908
2014/8/5,kafka,0.001180986,0,0.001247438,0,0,0,0,0.002428424
2014/8/15,kafka,0.000688909,0,0.00098013,0,0,0,0,0.001669039
2014/8/25,kafka,0.000492078,0,0.001158336,0,0,0,0,0.001650414
2014/9/4,kafka,0.000295247,0,0.000623719,8.79E-05,0,8.71E-05,0,0.001093932
2014/9/14,kafka,0.001574648,0.032467532,0.001069233,8.79E-05,3.00E-05,8.71E-05,0,0.035316425
2014/9/24,kafka,0.000688909,0,0.000891027,0,0,0,0,0.001579936
2014/10/4,kafka,0.001771479,0,0.000534616,0,0,0,0,0.002306095
2014/10/14,kafka,0.001279402,0,0.000801925,0,0,0,0,0.002081327
2014/10/24,kafka,0.000590493,0.006493506,0.00098013,8.79E-05,0,8.71E-05,0,0.008239095
2014/11/3,kafka,0.000787324,0,0.00098013,0,0,0,0,0.001767454
2014/11/13,kafka,0.00088574,0,0.001336541,0,0,0,0,0.002222281
2014/11/23,kafka,0.00088574,0,0.000801925,0,0,0,0,0.001687665
2014/12/3,kafka,0.00088574,0,0.000712822,0,0,0,0,0.001598562
2014/12/13,kafka,0.000295247,0,0.000534616,0,0,0,0,0.000829863
2014/12/23,kafka,9.84E-05,0,0.00098013,8.79E-05,1.50E-05,8.71E-05,0,0.001268535
2015/1/2,kafka,0.000688909,0,0.000712822,0,0,0,0,0.001401731
2015/1/12,kafka,0.001771479,0,0.001247438,0,0,0,0,0.003018917
2015/1/22,kafka,0.001082571,0,0.000712822,0,0,0,0,0.001795393
2015/2/1,kafka,0.000787324,0,0.00098013,8.79E-05,4.51E-05,8.71E-05,0,0.00198749
2015/2/11,kafka,0.001180986,0,0.000712822,0,0,0,0,0.001893808
2015/2/21,kafka,0.001377817,0,0.001158336,8.79E-05,3.00E-05,8.71E-05,0,0.002741165
2015/3/3,kafka,0.001574648,0,0.001514747,0,0,0,0,0.003089395
2015/3/13,kafka,0.000590493,0,0.001158336,8.79E-05,1.50E-05,8.71E-05,0,0.001938818
2015/3/23,kafka,0.000984155,0,0.001336541,8.79E-05,0,8.71E-05,0,0.002495662
2015/4/2,kafka,0.002558803,0,0.000891027,0,0,0,0,0.00344983
2015/4/12,kafka,0.001377817,0.025974026,0.002138466,0,0,0,0,0.029490309
2015/4/22,kafka,0.001180986,0,0.001247438,0.000263597,7.51E-05,0.000261301,0,0.003028438
2015/5/2,kafka,0.000590493,0,0.000801925,0,0,0,0,0.001392418
2015/5/12,kafka,0.001180986,0,0.001158336,8.79E-05,4.51E-05,8.71E-05,0,0.002559358
2015/5/22,kafka,0.000590493,0,0.000891027,0,0,0,0,0.00148152
2015/6/1,kafka,0.000590493,0,0.001336541,0,0,0,0,0.001927034
2015/6/11,kafka,0.001869895,0,0.001692952,0,0,0,0,0.003562847
2015/6/21,kafka,0.000688909,0,0.001336541,0,0,0,0,0.00202545
2015/7/1,kafka,0.001673064,0,0.001871157,0.000263597,4.51E-05,0.000348402,0,0.004201289
2015/7/11,kafka,0.001673064,0.006493506,0.001871157,0.001317986,0.000555856,0.001393607,0,0.013305176
2015/7/21,kafka,0.001574648,0,0.001692952,0.000878657,0.000736134,0.001132306,0,0.006014697
2015/7/31,kafka,0.002165141,0,0.001782055,0.001317986,0.001171805,0.001742009,0,0.008178996
2015/8/10,kafka,0.001673064,0,0.002405774,0.001581583,0.001352082,0.001306506,0,0.008319009
2015/8/20,kafka,0.001673064,0,0.002138466,0.00123012,0.001892915,0.001306506,0,0.008241071
2015/8/30,kafka,0.001574648,0,0.001871157,0.001669449,0.002148308,0.001567808,0,0.00883137
2015/9/9,kafka,0.001082571,0.012987013,0.001603849,0.000790792,0.001337059,0.000958105,0,0.018759389
2015/9/19,kafka,0.002755634,0,0.001069233,0.002548106,0.004672195,0.002874314,0,0.013919482
2015/9/29,kafka,0.002657219,0,0.001514747,0.001669449,0.001727661,0.002351712,0,0.009920788
2015/10/9,kafka,0.003739789,0.006493506,0.001514747,0.002372375,0.00253891,0.003484017,0,0.020143344
2015/10/19,kafka,0.004723944,0.025974026,0.002316671,0.003953958,0.003936062,0.004703423,0,0.045608084
2015/10/29,kafka,0.006298593,0,0.002227568,0.005799139,0.004356709,0.005922829,0,0.024604838
2015/11/8,kafka,0.007479579,0.032467532,0.00196026,0.007292857,0.004161409,0.007403536,0,0.060765173
2015/11/18,kafka,0.00482236,0.006493506,0.002138466,0.002899569,0.001937984,0.004267921,0,0.022559806
2015/11/28,kafka,0.002361972,0,0.002316671,0.002987435,0.002553933,0.002613013,0,0.012833024
2015/12/8,kafka,0.004133451,0,0.002138466,0.003426764,0.002959558,0.004355021,0,0.01701326
2015/12/18,kafka,0.00196831,0,0.001692952,0.001493718,0.00100655,0.00209041,0,0.00825194
2015/12/28,kafka,0.001673064,0,0.00196026,0.001405852,0.001021573,0.00200331,0,0.008064059
2016/1/7,kafka,0.002657219,0.006493506,0.002316671,0.002196644,0.001337059,0.002613013,0,0.017614112
2016/1/17,kafka,0.003739789,0,0.002494877,0.003690361,0.002373655,0.003571117,0,0.015869799
2016/1/27,kafka,0.005019191,0,0.002227568,0.00412969,0.00431164,0.00618413,0.001,0.022872219
2016/2/6,kafka,0.002165141,0,0.00196026,0.002108778,0.00129199,0.002438812,0,0.009964981
2016/2/16,kafka,0.003641374,0,0.002762185,0.005447676,0.003455321,0.00409372,0,0.019400276
2016/2/26,kafka,0.003838205,0,0.001871157,0.010807486,0.007241151,0.003658218,0,0.027416217
2016/3/7,kafka,0.004330282,0,0.003118596,0.004305421,0.004251547,0.004267921,0,0.020273767
2016/3/17,kafka,0.005314438,0.012987013,0.003385904,0.005271944,0.004491918,0.005313126,0,0.036764343
2016/3/27,kafka,0.002952465,0,0.00196026,0.003163167,0.002734211,0.003135615,0,0.013945718
2016/4/6,kafka,0.002361972,0.019480519,0.001514747,0.002372375,0.001968031,0.002613013,0.001,0.031310657
2016/4/16,kafka,0.00196831,0,0.002138466,0.001845181,0.001276967,0.00200331,0,0.009232234
2016/4/26,kafka,0.006593839,0,0.002316671,0.006677796,0.005994231,0.006968034,0.002,0.030550571
2016/5/6,kafka,0.005019191,0,0.002583979,0.004832616,0.004221501,0.005138925,0.001,0.022796212
2016/5/16,kafka,0.002263557,0,0.002762185,0.002108778,0.001547383,0.002525912,0.002,0.013207815
2016/5/26,kafka,0.003149296,0,0.003653212,0.003338898,0.00225347,0.003571117,0,0.015965993
2016/6/5,kafka,0.00196831,0,0.00196026,0.002372375,0.002854396,0.002438812,0.001,0.012594153
2016/6/15,kafka,0.003346127,0,0.003385904,0.003602495,0.002944535,0.003745318,0.003,0.020024379
2016/6/25,kafka,0.001574648,0,0.00196026,0.001669449,0.001697614,0.001916209,0.001,0.00981818
2016/7/5,kafka,0.002460388,0,0.003207698,0.002987435,0.003079743,0.002787214,0.004,0.018522478
2016/7/15,kafka,0.002460388,0,0.002851288,0.002548106,0.002373655,0.002438812,0.001,0.013672249
2016/7/25,kafka,0.002755634,0.012987013,0.001782055,0.002899569,0.002088216,0.003048515,0.002,0.027561002
2016/8/4,kafka,0.002263557,0.006493506,0.002138466,0.002635972,0.002238447,0.002613013,0,0.018382961
2016/8/14,kafka,0.003149296,0,0.003029493,0.002811704,0.003380206,0.003396917,0.002,0.017767616
2016/8/24,kafka,0.002558803,0,0.00294039,0.002987435,0.002118262,0.002874314,0,0.013479204
2016/9/3,kafka,0.002165141,0.006493506,0.002138466,0.002196644,0.00229854,0.002264611,0,0.017556908
2016/9/13,kafka,0.004231867,0,0.002583979,0.004041824,0.002869419,0.004267921,0.005,0.02299501
2016/9/23,kafka,0.004133451,0.077922078,0.00196026,0.004393287,0.004506941,0.004355021,0.001,0.098271038
2016/10/3,kafka,0.00393662,0,0.002494877,0.003953958,0.002283517,0.00409372,0.002,0.018762692
2016/10/13,kafka,0.002657219,0,0.002583979,0.002460241,0.001907938,0.002961415,0.002,0.014570792
2016/10/23,kafka,0.00196831,0,0.002227568,0.002635972,0.001922961,0.002438812,0.001,0.012193623
2016/11/2,kafka,0.002657219,0,0.003296801,0.002196644,0.001727661,0.002525912,0.002,0.014404237
2016/11/12,kafka,0.001771479,0,0.002494877,0.001845181,0.001577429,0.00209041,0.001,0.010779376
2016/11/22,kafka,0.002361972,0,0.003207698,0.002723838,0.00301965,0.002874314,0.003,0.017187472
2016/12/2,kafka,0.002952465,0.012987013,0.002494877,0.003163167,0.004131362,0.003396917,0,0.029125801
2016/12/12,kafka,0.004035036,0,0.00294039,0.00412969,0.009058951,0.004790523,0,0.02495459
2016/12/22,kafka,0.001279402,0,0.001692952,0.002987435,0.002959558,0.003309816,0,0.012229163
2017/1/1,kafka,0.003346127,0,0.002673082,0.002899569,0.005092843,0.003571117,0.002,0.019582738
2017/1/11,kafka,0.005511269,0,0.00294039,0.00474475,0.014677604,0.006009929,0,0.033883942
2017/1/21,kafka,0.006101762,0.006493506,0.001692952,0.003953958,0.009179136,0.00618413,0.001,0.034605444
2017/1/31,kafka,0.004330282,0,0.003029493,0.002899569,0.006520041,0.004355021,0.002,0.023134406
2017/2/10,kafka,0.003346127,0,0.003207698,0.003778227,0.00857821,0.003048515,0.004,0.025958777
2017/2/20,kafka,0.003542958,0,0.003742315,0.002108778,0.00378583,0.003919519,0,0.0170994
2017/3/2,kafka,0.003739789,0,0.003564109,0.003163167,0.007827054,0.003919519,0.001,0.023213638
2017/3/12,kafka,0.002558803,0,0.002673082,0.001845181,0.004852473,0.002874314,0,0.014803853
2017/3/22,kafka,0.00393662,0.064935065,0.00294039,0.003866093,0.009960339,0.003919519,0,0.089558026
2017/4/1,kafka,0.003247712,0,0.002583979,0.002723838,0.006489995,0.004355021,0.004,0.023400545
2017/4/11,kafka,0.00285405,0,0.003118596,0.002899569,0.006775434,0.003135615,0.003,0.021783264
2017/4/21,kafka,0.003346127,0,0.003742315,0.003866093,0.008067424,0.004267921,0.002,0.02528988
2017/5/1,kafka,0.004625529,0,0.003296801,0.003602495,0.013866354,0.005138925,0.002,0.032530104
2017/5/11,kafka,0.008070072,0,0.003653212,0.007029259,0.018748873,0.00810034,0.002,0.047601756
2017/5/21,kafka,0.00482236,0,0.002851288,0.003778227,0.007631753,0.004964724,0.004,0.028048352
2017/5/31,kafka,0.010136798,0,0.004009623,0.006765662,0.014061655,0.010626252,0.005,0.05059999
2017/6/10,kafka,0.005609684,0,0.002673082,0.007292857,0.011838231,0.005835729,0.003,0.036249583
2017/6/20,kafka,0.005609684,0.019480519,0.003029493,0.005623407,0.011522745,0.006009929,0.007,0.058275777
2017/6/30,kafka,0.003050881,0.012987013,0.003296801,0.002460241,0.004567033,0.003135615,0.001,0.030497584
2017/7/10,kafka,0.002558803,0,0.003564109,0.006589931,0.014452256,0.002787214,0.002,0.031952313
2017/7/20,kafka,0.004625529,0,0.003385904,0.002987435,0.010125593,0.004703423,0.001,0.026827884
2017/7/30,kafka,0.003346127,0,0.003296801,0.002635972,0.007045851,0.003571117,0.002,0.021895868
2017/8/9,kafka,0.003247712,0.012987013,0.003475007,0.004041824,0.007872123,0.003745318,0.005,0.040368997
2017/8/19,kafka,0.003247712,0,0.00392052,0.00474475,0.005648699,0.00418082,0.003,0.024742501
2017/8/29,kafka,0.004231867,0,0.003296801,0.009753097,0.018223064,0.004703423,0.003,0.043208252
2017/9/8,kafka,0.004723944,0,0.003118596,0.004569019,0.004476894,0.005226026,0.004,0.026114479
2017/9/18,kafka,0.006495424,0.019480519,0.003475007,0.005184079,0.006009254,0.006793833,0.011,0.058438116
2017/9/28,kafka,0.006987501,0,0.003207698,0.004481153,0.00503275,0.006880934,0.004,0.030590036
2017/10/8,kafka,0.003247712,0,0.002227568,0.002635972,0.002208401,0.003396917,0.005,0.01871657
2017/10/18,kafka,0.003739789,0,0.003475007,0.003426764,0.003740761,0.004529222,0.004,0.022911543
2017/10/28,kafka,0.002066726,0,0.004811548,0.004656884,0.007060874,0.002351712,0.003,0.023947744
2017/11/7,kafka,0.003149296,0.012987013,0.00454424,0.002108778,0.004056247,0.003309816,0.002,0.03215539
2017/11/17,kafka,0.002460388,0,0.003118596,0.001669449,0.003199928,0.002874314,0.003,0.016322675
2017/11/27,kafka,0.002066726,0,0.004366034,0.00123012,0.001276967,0.002438812,0.001,0.012378659
2017/12/7,kafka,0.001869895,0.006493506,0.003207698,0.002108778,0.003184905,0.002351712,0.002,0.021216494
2017/12/17,kafka,0.002165141,0,0.003029493,0.008347245,0.008037378,0.004964724,0,0.026543981
2017/12/27,kafka,0.00196831,0,0.003118596,0.002635972,0.002974581,0.002613013,0,0.013310472
2018/1/6,kafka,0.002066726,0.012987013,0.002405774,0.002196644,0.003244997,0.002787214,0.001,0.026688368
2018/1/16,kafka,0.003149296,0,0.004098726,0.002460241,0.008412956,0.003571117,0.003,0.024692336
2018/1/26,kafka,0.005609684,0,0.003742315,0.006062736,0.008127516,0.007316436,0,0.030858687
2018/2/5,kafka,0.005314438,0,0.003831418,0.004656884,0.004912565,0.005051825,0.003,0.02676713
2018/2/15,kafka,0.004231867,0,0.003296801,0.003602495,0.003605553,0.004703423,0.005,0.024440139
2018/2/25,kafka,0.002066726,0,0.003742315,0.005096213,0.005919115,0.005574427,0.001,0.023398796
2018/3/7,kafka,0.004428698,0,0.003475007,0.003778227,0.003244997,0.004703423,0.002,0.021630352
2018/3/17,kafka,0.003149296,0.019480519,0.004009623,0.002899569,0.00225347,0.003571117,0.003,0.038363594
2018/3/27,kafka,0.003444543,0.006493506,0.003029493,0.002635972,0.003229974,0.00400662,0,0.022840108
2018/4/6,kafka,0.002657219,0,0.004366034,0.002020912,0.00177273,0.002874314,0.001,0.014691209
2018/4/16,kafka,0.003641374,0,0.003385904,0.005623407,0.006700318,0.00409372,0.001,0.024444723
2018/4/26,kafka,0.003641374,0.006493506,0.004722445,0.002635972,0.003410252,0.003571117,0.006,0.030474666
2018/5/6,kafka,0.003641374,0,0.003029493,0.003690361,0.0040262,0.004355021,0.004,0.022742449
2018/5/16,kafka,0.003641374,0,0.004455137,0.003338898,0.003214951,0.004267921,0.003,0.021918281
2018/5/26,kafka,0.004133451,0.071428571,0.003831418,0.003778227,0.003500391,0.005487327,0.002,0.094159385
2018/6/5,kafka,0.006889086,0.071428571,0.004276931,0.008435111,0.010546241,0.008535842,0.007,0.117111782
2018/6/15,kafka,0.003739789,0.006493506,0.003831418,0.004217556,0.002809326,0.004529222,0.005,0.030620817
2018/6/25,kafka,0.003149296,0,0.004098726,0.009577366,0.008217655,0.003832419,0.001,0.029875462
2018/7/5,kafka,0.000787324,0,0.003475007,0.001054389,0.000931434,0.001045205,0.002,0.009293359
2018/7/15,kafka,0.004133451,0,0.005167959,0.005096213,0.005738838,0.005051825,0.001,0.026188286
2018/7/25,kafka,0.002361972,0,0.003296801,0.002635972,0.003094766,0.003222716,0.002,0.016612227
2018/8/4,kafka,0.003739789,0,0.005167959,0.003426764,0.003455321,0.003745318,0.001,0.020535151
2018/8/14,kafka,0.004330282,0,0.003207698,0.005271944,0.005228051,0.004703423,0.008,0.030741398
2018/8/24,kafka,0.003050881,0,0.003296801,0.002548106,0.002463794,0.003048515,0.002,0.016408097
2018/9/3,kafka,0.002755634,0.006493506,0.00294039,0.004393287,0.003350159,0.003222716,0.007,0.030155692
2018/9/13,kafka,0.002657219,0,0.003653212,0.003163167,0.002659095,0.002961415,0.002,0.017094108
2018/9/23,kafka,0.002558803,0,0.003564109,0.003075301,0.001953008,0.003135615,0.003,0.017286836
2018/10/3,kafka,0.00482236,0,0.003742315,0.004569019,0.00479238,0.005138925,0.005,0.028064999
2018/10/13,kafka,0.002558803,0,0.003831418,0.003251032,0.002884442,0.003309816,0.003,0.018835511
2018/10/23,kafka,0.00285405,0,0.003831418,0.002548106,0.002914488,0.003048515,0,0.015196577
2018/11/2,kafka,0.001377817,0,0.003564109,0.001757315,0.001607476,0.00200331,0.001,0.011310027
2018/11/12,kafka,0.002755634,0,0.004366034,0.003163167,0.005182982,0.003396917,0.005,0.023864734
2018/11/22,kafka,0.002558803,0,0.003653212,0.003338898,0.003335136,0.003396917,0.008,0.024282966
2018/12/2,kafka,0.00285405,0,0.003653212,0.004217556,0.003620576,0.003919519,0.001,0.019264913
2018/12/12,kafka,0.00196831,0,0.003385904,0.001845181,0.001322036,0.00200331,0.003,0.013524741
2018/12/22,kafka,0.000492078,0,0.002851288,0.001317986,0.000450694,0.001393607,0.001,0.007505653
2019/1/1,kafka,0.003641374,0,0.00392052,0.004041824,0.004912565,0.004355021,0.005,0.025871304
2019/1/11,kafka,0.003542958,0,0.003564109,0.003866093,0.00330509,0.00409372,0.003,0.02137197
2019/1/21,kafka,0.002755634,0,0.003653212,0.002811704,0.002373655,0.003484017,0.002,0.017078222
2019/1/31,kafka,0.002361972,0.012987013,0.002673082,0.001757315,0.001667568,0.002525912,0.001,0.024972862
2019/2/10,kafka,0.003346127,0,0.003029493,0.004217556,0.004777357,0.00400662,0.001,0.020377153
2019/2/20,kafka,0.005019191,0,0.005346164,0.005096213,0.004567033,0.005835729,0.002,0.02786433
2019/3/2,kafka,0.00393662,0,0.004722445,0.004305421,0.002884442,0.005051825,0.004,0.024900753
2019/3/12,kafka,0.003641374,0,0.005613472,0.003778227,0.002929511,0.00400662,0.005,0.024969204
2019/3/22,kafka,0.002460388,0,0.004989753,0.002548106,0.001742684,0.002787214,0.005,0.019528145
2019/4/1,kafka,0.002263557,0.019480519,0.005969883,0.001845181,0.000886365,0.002438812,0.005,0.037884317
2019/4/11,kafka,0.003346127,0,0.003653212,0.002987435,0.002433748,0.00409372,0.001,0.017514242
2019/4/21,kafka,0.00285405,0,0.005167959,0.003338898,0.002268493,0.003484017,0.004,0.021113417
2019/5/1,kafka,0.004527113,0,0.00392052,0.004305421,0.003079743,0.005226026,0.004,0.025058823
2019/5/11,kafka,0.0057081,0.019480519,0.00454424,0.015376505,0.021918755,0.007142235,0.004,0.078170354
2019/5/21,kafka,0.005216022,0,0.005167959,0.004920482,0.003981131,0.005748628,0.001,0.026034222
2019/5/31,kafka,0.003346127,0,0.00490065,0.00412969,0.002313563,0.004442122,0.005,0.024132152
2019/6/10,kafka,0.003444543,0,0.005613472,0.003866093,0.00205817,0.004442122,0.004,0.0234244
2019/6/20,kafka,0.00285405,0,0.005435267,0.002899569,0.002614026,0.003135615,0.003,0.019938527
2019/6/30,kafka,0.002361972,0.019480519,0.005435267,0.002987435,0.001832823,0.002961415,0.003,0.038059431
2019/7/10,kafka,0.003346127,0,0.005880781,0.003426764,0.003244997,0.003745318,0.006,0.025643987
2019/7/20,kafka,0.001377817,0,0.005257061,0.001669449,0.00124692,0.001916209,0.002,0.013467456
2019/7/30,kafka,0.00285405,0.025974026,0.005346164,0.002987435,0.00306472,0.003571117,0.007,0.050797512
2019/8/9,kafka,0.003444543,0,0.003831418,0.002811704,0.002088216,0.003571117,0.004,0.019746998
2019/8/19,kafka,0.002066726,0,0.004722445,0.002020912,0.001276967,0.002613013,0.007,0.019700063
2019/8/29,kafka,0.002460388,0,0.004276931,0.002196644,0.001832823,0.002613013,0.004,0.017379799
2019/9/8,kafka,0.002460388,0,0.004187829,0.002635972,0.002208401,0.002874314,0.006,0.020366904
2019/9/18,kafka,0.003444543,0,0.004187829,0.002811704,0.003515414,0.003745318,0.006,0.023704808
2019/9/28,kafka,0.004428698,0.006493506,0.00294039,0.003163167,0.002193378,0.005051825,0.002,0.026270964
2019/10/8,kafka,0.006101762,0,0.004633342,0.005447676,0.004281594,0.006793833,0.008,0.035258207
2019/10/18,kafka,0.003542958,0,0.004276931,0.005096213,0.003710715,0.003919519,0.005,0.025546336
2019/10/28,kafka,0.002755634,0,0.00552437,0.002811704,0.00225347,0.003309816,0.005,0.021654994
2019/11/7,kafka,0.003542958,0,0.004722445,0.003953958,0.002088216,0.004267921,0.002,0.020575498
2019/11/17,kafka,0.003444543,0,0.005435267,0.00412969,0.001937984,0.00418082,0.009,0.028128304
2019/11/27,kafka,0.003247712,0,0.004633342,0.003163167,0.001877892,0.003919519,0.003,0.019841632
2019/12/7,kafka,0.002460388,0,0.004098726,0.002811704,0.001637522,0.003048515,0.004,0.018056855
2019/12/17,kafka,0.002066726,0.006493506,0.004276931,0.002548106,0.001937984,0.002961415,0.005,0.025284668
2019/12/27,kafka,0.000787324,0,0.003564109,0.001493718,0.000721111,0.001393607,0.003,0.010959869
2020/1/6,kafka,0.00482236,0,0.00552437,0.004569019,0.003335136,0.005487327,0.012,0.035738212
2020/1/16,kafka,0.003346127,0.058441558,0.003742315,0.003602495,0.006730365,0.003571117,0.003,0.082433977
2020/1/26,kafka,0.003149296,0,0.003118596,0.00351463,0.002644072,0.003832419,0.002,0.018259013
2020/2/5,kafka,0.005019191,0,0.003385904,0.00474475,0.004131362,0.00609703,0.007,0.030378237
2020/2/15,kafka,0.003641374,0,0.003385904,0.003602495,0.003094766,0.00400662,0.004,0.021731159
2020/2/25,kafka,0.003838205,0,0.003653212,0.004041824,0.002989604,0.004790523,0.006,0.025313368
2020/3/6,kafka,0.003838205,0,0.00392052,0.004041824,0.002869419,0.004529222,0.005,0.02419919
2020/3/16,kafka,0.006003346,0.006493506,0.003742315,0.005799139,0.004612103,0.007403536,0.005,0.039053945
2020/3/26,kafka,0.005412853,0.006493506,0.00490065,0.00597487,0.004657172,0.006706733,0.003,0.037145784
2020/4/5,kafka,0.003739789,0,0.004187829,0.002460241,0.002088216,0.003832419,0.006,0.022308494
2020/4/15,kafka,0.005412853,0,0.007930143,0.015376505,0.010200709,0.005922829,0.006,0.050843039
2020/4/25,kafka,0.004625529,0.006493506,0.004455137,0.007204991,0.005198005,0.006358331,0.004,0.038335499
2020/5/5,kafka,0.004133451,0,0.005969883,0.00474475,0.004086293,0.005313126,0.004,0.028247503
2020/5/15,kafka,0.004231867,0.006493506,0.004633342,0.004305421,0.003410252,0.004703423,0.002,0.029777811
2020/5/25,kafka,0.006298593,0.032467532,0.005435267,0.006238468,0.006294694,0.007229335,0.007,0.070963889
2020/6/4,kafka,0.006397008,0,0.005613472,0.016255162,0.023676462,0.006880934,0.009,0.067823038
2020/6/14,kafka,0.002952465,0,0.004366034,0.003426764,0.002163332,0.003919519,0.002,0.018828114
2020/6/24,kafka,0.003247712,0,0.006771808,0.008610843,0.01063638,0.00409372,0.005,0.038360463
2020/7/4,kafka,0.003149296,0,0.004009623,0.003426764,0.003560483,0.003571117,0.005,0.022717283
2020/7/14,kafka,0.003247712,0,0.004989753,0.003426764,0.00229854,0.003832419,0.006,0.023795188
2020/7/24,kafka,0.002657219,0,0.004366034,0.003778227,0.004146385,0.003309816,0.005,0.023257681
2020/8/3,kafka,0.002952465,0,0.004811548,0.004832616,0.005167959,0.003484017,0.009,0.030248605
2020/8/13,kafka,0.002460388,0,0.00454424,0.003251032,0.003154858,0.002874314,0.003,0.019284832
2020/8/23,kafka,0.000787324,0,0.004455137,0.001317986,0.000961481,0.001045205,0.004,0.012567133
2020/9/2,kafka,0.00285405,0,0.00454424,0.002899569,0.002839373,0.003135615,0.006,0.022272847
2020/9/12,kafka,0.002460388,0,0.00490065,0.002196644,0.001907938,0.002613013,0.008,0.022078633
2020/9/22,kafka,0.004035036,0,0.004009623,0.004393287,0.003410252,0.004616323,0.007,0.027464521
2020/10/2,kafka,0.004330282,0.006493506,0.003564109,0.005271944,0.004567033,0.00400662,0.003,0.031233494
2020/10/12,kafka,0.005904931,0,0.004187829,0.027765574,0.029340184,0.007229335,0.004,0.078427853
2020/10/22,kafka,0.003542958,0,0.004455137,0.005447676,0.004567033,0.005574427,0.006,0.029587231
2020/11/1,kafka,0.002558803,0,0.003831418,0.003866093,0.002839373,0.003396917,0.002,0.018492604
2020/11/11,kafka,0.004035036,0,0.004366034,0.003251032,0.002133285,0.00400662,0.006,0.023792007
2020/11/21,kafka,0.002263557,0,0.00392052,0.002284509,0.000931434,0.002264611,0.003,0.014664631
2020/12/1,kafka,0.005511269,0,0.004455137,0.005623407,0.003395229,0.005922829,0.005,0.029907871
2020/12/11,kafka,0.003149296,0,0.004276931,0.003338898,0.001907938,0.003484017,0.003,0.01915708
2020/12/21,kafka,0.001673064,0,0.003118596,0.002020912,0.000676041,0.002351712,0.005,0.014840325
2020/12/31,kafka,0.002755634,0,0.003831418,0.004481153,0.001983054,0.002874314,0.007,0.022925573
2021/1/10,kafka,0.006397008,0,0.003831418,0.006326333,0.003936062,0.006445432,0.005,0.031936253
2021/1/20,kafka,0.006200177,0,0.004633342,0.006414199,0.004266571,0.006358331,0.005,0.03287262
2021/1/30,kafka,0.006200177,0,0.003653212,0.006941394,0.004086293,0.006880934,0.007,0.03476201
2021/2/9,kafka,0.004133451,0,0.004009623,0.005887005,0.002599002,0.005313126,0.003,0.024942207
2021/2/19,kafka,0.005609684,0,0.003831418,0.006062736,0.002734211,0.00618413,0.006,0.030422179
2021/3/1,kafka,0.005314438,0,0.004366034,0.005623407,0.002959558,0.005574427,0.013,0.036837864
2021/3/11,kafka,0.005216022,0,0.00392052,0.004832616,0.002523887,0.005487327,0.011,0.032980372
2021/3/21,kafka,0.003346127,0,0.004009623,0.003778227,0.001667568,0.003745318,0.006,0.022546863
2021/3/31,kafka,0.006593839,0.025974026,0.00454424,0.005799139,0.002989604,0.006271231,0.011,0.063172079
2021/4/10,kafka,0.003149296,0,0.005167959,0.004393287,0.00253891,0.003832419,0.009,0.028081871
2021/4/20,kafka,0.003050881,0,0.005613472,0.003251032,0.002358632,0.003484017,0.007,0.024758034
2021/4/30,kafka,0.003346127,0,0.003207698,0.003866093,0.002343609,0.00400662,0.005,0.021770147
2021/5/10,kafka,0.004231867,0,0.00454424,0.004920482,0.002959558,0.004790523,0.011,0.03244667
2021/5/20,kafka,0.003641374,0,0.003385904,0.004569019,0.002193378,0.004442122,0.009,0.027231797
2021/5/30,kafka,0.003247712,0,0.004633342,0.004041824,0.003214951,0.003658218,0.012,0.030796047
2021/6/9,kafka,0.004330282,0,0.004098726,0.004393287,0.003244997,0.004703423,0.004,0.024770715
2021/6/19,kafka,0.002952465,0,0.003742315,0.002899569,0.001817799,0.003135615,0.002,0.016547763
2021/6/29,kafka,0.005904931,0,0.004811548,0.006502065,0.003710715,0.006793833,0.011,0.038723092
2021/7/9,kafka,0.004920776,0,0.003029493,0.005711273,0.00483745,0.005400226,0.013,0.036899218
2021/7/19,kafka,0.005412853,0,0.004009623,0.006062736,0.004101316,0.005922829,0.005,0.030509357
2021/7/29,kafka,0.003247712,0,0.003831418,0.00351463,0.002508864,0.003745318,0.008,0.024847942
2021/8/8,kafka,0.001476233,0,0.004811548,0.004920482,0.00148729,0.00209041,0.011,0.025785963
2021/8/18,kafka,0.002558803,0,0.005167959,0.003866093,0.001712637,0.003222716,0.005,0.021528208
2021/8/28,kafka,0.001869895,0,0.003742315,0.002372375,0.002088216,0.001916209,0.003,0.01498901
2021/9/7,kafka,0.002558803,0,0.004187829,0.003075301,0.001502314,0.003048515,0.005,0.019372762
2021/9/17,kafka,0.002263557,0,0.003831418,0.002548106,0.001021573,0.002613013,0.001,0.013277667
2021/9/27,kafka,0.001476233,0,0.002762185,0.002196644,0.001186828,0.001654908,0.007,0.016276798
2021/10/7,kafka,0.001574648,0,0.003207698,0.001933046,0.000736134,0.001916209,0.006,0.015367735
2021/10/17,kafka,0.001869895,0,0.003029493,0.001933046,0.000615949,0.00200331,0.009,0.018451693
2021/10/27,kafka,0.001377817,0,0.004633342,0.001581583,0.001036596,0.001480707,0.01,0.020110045
2021/11/6,kafka,0.001771479,0,0.003742315,0.001669449,0.000976504,0.001829109,0.002,0.011988856
2021/11/16,kafka,0.003149296,0,0.00392052,0.004217556,0.002028123,0.003745318,0.007,0.024060813
2021/11/26,kafka,0.001476233,0,0.004187829,0.001669449,0.000736134,0.001567808,0.004,0.013637453
2021/12/6,kafka,0.002066726,0,0.005167959,0.002635972,0.000946458,0.002438812,0.008,0.021255927
2021/12/16,kafka,0.001377817,0,0.003831418,0.002108778,0.001021573,0.002351712,0.003,0.013691298
2021/12/26,kafka,0.000295247,0,0.003296801,0.00061506,0.000826272,0.000522603,0.007,0.012555983
2022/1/5,kafka,0.00196831,0,0.005613472,0.002723838,0.001216874,0.002438812,0.002,0.015961306
2022/1/15,kafka,0.001377817,0,0.003653212,0.001757315,0.000976504,0.001654908,0.002,0.011419756
2022/1/25,kafka,0.00393662,0,0.00294039,0.004041824,0.001832823,0.005138925,0.004,0.021890582
2022/2/4,kafka,0.002755634,0,0.002762185,0.008171514,0.007496545,0.009058444,0.003,0.033244322
2022/2/14,kafka,0.002952465,0,0.004722445,0.003338898,0.001562406,0.005487327,0.008,0.026063541
2022/2/24,kafka,0.002755634,0,0.00454424,0.003953958,0.002599002,0.005835729,0.008,0.027688563
2022/3/6,kafka,0.003838205,0,0.00552437,0.004481153,0.002959558,0.004964724,0.008,0.02976801
2022/3/16,kafka,0.003838205,0,0.005702575,0.004305421,0.003485367,0.00418082,0.006,0.027512388
2022/3/26,kafka,0.003149296,0,0.004455137,0.004041824,0.003320113,0.003745318,0.005,0.023711688
2022/4/5,kafka,0.00285405,0,0.004187829,0.003953958,0.001652545,0.003484017,0.012,0.028132399
2022/4/15,kafka,0.003050881,0,0.002405774,0.003866093,0.001907938,0.003571117,0.01,0.024801803
2022/4/25,kafka,0.002165141,0,0.003296801,0.003251032,0.001637522,0.002700113,0.005,0.018050609
2022/5/5,kafka,0.003050881,0,0.00392052,0.003690361,0.002328586,0.003658218,0.006,0.022648566
2022/5/15,kafka,0.002558803,0,0.004098726,0.003338898,0.001607476,0.003309816,0.012,0.026913719
2022/5/25,kafka,0.003641374,0.006493506,0.003475007,0.003690361,0.001622499,0.003745318,0.007,0.029668065
2022/6/4,kafka,0.003444543,0.006493506,0.003653212,0.00351463,0.001877892,0.003571117,0.014,0.0365549
2022/6/14,kafka,0.002755634,0,0.005257061,0.003338898,0.001787753,0.003309816,0.028,0.044449162
2022/6/24,kafka,0.001673064,0,0.004009623,0.002284509,0.000841296,0.001916209,0.023,0.033724701
2022/7/4,kafka,0.000688909,0,0.001871157,0.000702926,0.000390602,0.000871004,0.008,0.012524598
